0 verbose cli C:\Program Files\nodejs\node.exe C:\Program Files\nodejs\node_modules\npm\bin\npm-cli.js
1 info using npm@10.9.2
2 info using node@v22.14.0
3 silly config load:file:C:\Program Files\nodejs\node_modules\npm\npmrc
4 silly config load:file:E:\grocery-delivery\backend\.npmrc
5 silly config load:file:C:\Users\HP\.npmrc
6 silly config load:file:E:\grocery-delivery\backend\.npm-global\etc\npmrc
7 verbose title npm install
8 verbose argv "install"
9 verbose logfile logs-max:10 dir:E:\grocery-delivery\backend\.npm-cache\_logs\2026-08-30T10_53_27_760Z-
10 verbose logfile E:\grocery-delivery\backend\.npm-cache\_logs\2026-08-30T10_53_27_760Z-debug-0.log
11 silly logfile done cleaning log files
12 silly packumentCache heap:2197815296 maxSize:549453824 maxEntrySize:274726912
13 silly idealTree buildDeps
14 silly fetch manifest cors@^2.8.5
15 silly packumentCache full:https://registry.npmjs.org/cors cache-miss
16 http fetch GET 200 https://registry.npmjs.org/cors 388ms (cache miss)
17 silly packumentCache full:https://registry.npmjs.org/cors set size:undefined disposed:false
18 silly fetch manifest dotenv@^16.4.5
19 silly packumentCache full:https://registry.npmjs.org/dotenv cache-miss
20 http fetch GET 200 https://registry.npmjs.org/dotenv 154ms (cache miss)
21 silly packumentCache full:https://registry.npmjs.org/dotenv set size:undefined disposed:false
22 silly fetch manifest express@^4.19.2
23 silly packumentCache full:https://registry.npmjs.org/express cache-miss
24 http fetch GET 200 https://registry.npmjs.org/npm 661ms
25 http fetch GET 200 https://registry.npmjs.org/express 133ms (cache miss)
26 silly packumentCache full:https://registry.npmjs.org/express set size:undefined disposed:false
27 silly fetch manifest mongoose@^8.5.2
28 silly packumentCache full:https://registry.npmjs.org/mongoose cache-miss
29 http fetch GET 200 https://registry.npmjs.org/mongoose 497ms (cache miss)
30 silly packumentCache full:https://registry.npmjs.org/mongoose set size:undefined disposed:false
31 silly fetch manifest nodemon@^3.1.4
32 silly packumentCache full:https://registry.npmjs.org/nodemon cache-miss
33 http fetch GET 200 https://registry.npmjs.org/nodemon 137ms (cache miss)
34 silly packumentCache full:https://registry.npmjs.org/nodemon set size:undefined disposed:false
35 silly placeDep ROOT cors@2.8.6 OK for: mf-dari-grocery-backend@1.0.0 want: ^2.8.5
36 silly placeDep ROOT dotenv@16.6.1 OK for: mf-dari-grocery-backend@1.0.0 want: ^16.4.5
37 silly placeDep ROOT express@4.22.2 OK for: mf-dari-grocery-backend@1.0.0 want: ^4.19.2
38 silly placeDep ROOT mongoose@8.24.4 OK for: mf-dari-grocery-backend@1.0.0 want: ^8.5.2
39 silly placeDep ROOT nodemon@3.1.14 OK for: mf-dari-grocery-backend@1.0.0 want: ^3.1.4
40 silly fetch manifest object-assign@^4
41 silly packumentCache full:https://registry.npmjs.org/object-assign cache-miss
42 silly fetch manifest vary@^1
43 silly packumentCache full:https://registry.npmjs.org/vary cache-miss
44 silly fetch manifest qs@~6.15.1
45 silly packumentCache full:https://registry.npmjs.org/qs cache-miss
46 silly fetch manifest depd@2.0.0
47 silly packumentCache full:https://registry.npmjs.org/depd cache-miss
48 silly fetch manifest etag@~1.8.1
49 silly packumentCache full:https://registry.npmjs.org/etag cache-miss
50 silly fetch manifest send@~0.19.0
51 silly packumentCache full:https://registry.npmjs.org/send cache-miss
52 silly fetch manifest vary@~1.1.2
53 silly packumentCache full:https://registry.npmjs.org/vary cache-miss
54 silly fetch manifest debug@2.6.9
55 silly packumentCache full:https://registry.npmjs.org/debug cache-miss
56 silly fetch manifest fresh@~0.5.2
57 silly packumentCache full:https://registry.npmjs.org/fresh cache-miss
58 silly fetch manifest cookie@~0.7.1
59 silly packumentCache full:https://registry.npmjs.org/cookie cache-miss
60 silly fetch manifest accepts@~1.3.8
61 silly packumentCache full:https://registry.npmjs.org/accepts cache-miss
62 http fetch GET 200 https://registry.npmjs.org/object-assign 95ms (cache miss)
63 silly packumentCache full:https://registry.npmjs.org/object-assign set size:undefined disposed:false
64 silly fetch manifest methods@~1.1.2
65 silly packumentCache full:https://registry.npmjs.org/methods cache-miss
66 http fetch GET 200 https://registry.npmjs.org/vary 99ms (cache miss)
67 silly packumentCache full:https://registry.npmjs.org/vary set size:undefined disposed:false
68 silly fetch manifest type-is@~1.6.18
69 silly packumentCache full:https://registry.npmjs.org/type-is cache-miss
70 http fetch GET 200 https://registry.npmjs.org/methods 84ms (cache miss)
71 silly packumentCache full:https://registry.npmjs.org/methods set size:undefined disposed:false
72 silly fetch manifest parseurl@~1.3.3
73 silly packumentCache full:https://registry.npmjs.org/parseurl cache-miss
74 http fetch GET 200 https://registry.npmjs.org/type-is 98ms (cache miss)
75 silly packumentCache full:https://registry.npmjs.org/type-is set size:undefined disposed:false
76 silly fetch manifest statuses@~2.0.1
77 silly packumentCache full:https://registry.npmjs.org/statuses cache-miss
78 http fetch GET 200 https://registry.npmjs.org/vary 265ms (cache miss)
79 silly packumentCache full:https://registry.npmjs.org/vary set size:undefined disposed:false
80 silly fetch manifest encodeurl@~2.0.0
81 silly packumentCache full:https://registry.npmjs.org/encodeurl cache-miss
82 http fetch GET 200 https://registry.npmjs.org/parseurl 90ms (cache miss)
83 silly packumentCache full:https://registry.npmjs.org/parseurl set size:undefined disposed:false
84 silly fetch manifest proxy-addr@~2.0.7
85 silly packumentCache full:https://registry.npmjs.org/proxy-addr cache-miss
86 http fetch GET 200 https://registry.npmjs.org/statuses 81ms (cache miss)
87 silly packumentCache full:https://registry.npmjs.org/statuses set size:undefined disposed:false
88 silly fetch manifest body-parser@~1.20.5
89 silly packumentCache full:https://registry.npmjs.org/body-parser cache-miss
90 http fetch GET 200 https://registry.npmjs.org/fresh 293ms (cache miss)
91 silly packumentCache full:https://registry.npmjs.org/fresh set size:undefined disposed:false
92 silly fetch manifest escape-html@~1.0.3
93 silly packumentCache full:https://registry.npmjs.org/escape-html cache-miss
94 http fetch GET 200 https://registry.npmjs.org/cookie 306ms (cache miss)
95 silly packumentCache full:https://registry.npmjs.org/cookie set size:undefined disposed:false
96 silly fetch manifest http-errors@~2.0.0
97 silly packumentCache full:https://registry.npmjs.org/http-errors cache-miss
98 http fetch GET 200 https://registry.npmjs.org/debug 326ms (cache miss)
99 silly packumentCache full:https://registry.npmjs.org/debug set size:undefined disposed:false
100 silly fetch manifest on-finished@~2.4.1
101 silly packumentCache full:https://registry.npmjs.org/on-finished cache-miss
102 http fetch GET 200 https://registry.npmjs.org/depd 330ms (cache miss)
103 silly packumentCache full:https://registry.npmjs.org/depd set size:undefined disposed:false
104 silly fetch manifest safe-buffer@5.2.1
105 silly packumentCache full:https://registry.npmjs.org/safe-buffer cache-miss
106 http fetch GET 200 https://registry.npmjs.org/etag 333ms (cache miss)
107 silly packumentCache full:https://registry.npmjs.org/etag set size:undefined disposed:false
108 silly fetch manifest utils-merge@1.0.1
109 silly packumentCache full:https://registry.npmjs.org/utils-merge cache-miss
110 http fetch GET 200 https://registry.npmjs.org/send 337ms (cache miss)
111 silly packumentCache full:https://registry.npmjs.org/send set size:undefined disposed:false
112 silly fetch manifest content-type@~1.0.4
113 silly packumentCache full:https://registry.npmjs.org/content-type cache-miss
114 http fetch GET 200 https://registry.npmjs.org/accepts 347ms (cache miss)
115 silly packumentCache full:https://registry.npmjs.org/accepts set size:undefined disposed:false
116 silly fetch manifest finalhandler@~1.3.1
117 silly packumentCache full:https://registry.npmjs.org/finalhandler cache-miss
118 http fetch GET 200 https://registry.npmjs.org/qs 359ms (cache miss)
119 silly packumentCache full:https://registry.npmjs.org/qs set size:undefined disposed:false
120 silly fetch manifest range-parser@~1.2.1
121 silly packumentCache full:https://registry.npmjs.org/range-parser cache-miss
122 http fetch GET 200 https://registry.npmjs.org/encodeurl 101ms (cache miss)
123 silly packumentCache full:https://registry.npmjs.org/encodeurl set size:undefined disposed:false
124 silly fetch manifest serve-static@~1.16.2
125 silly packumentCache full:https://registry.npmjs.org/serve-static cache-miss
126 http fetch GET 200 https://registry.npmjs.org/escape-html 96ms (cache miss)
127 silly packumentCache full:https://registry.npmjs.org/escape-html set size:undefined disposed:false
128 silly fetch manifest array-flatten@1.1.1
129 silly packumentCache full:https://registry.npmjs.org/array-flatten cache-miss
130 http fetch GET 200 https://registry.npmjs.org/proxy-addr 122ms (cache miss)
131 silly packumentCache full:https://registry.npmjs.org/proxy-addr set size:undefined disposed:false
132 silly fetch manifest path-to-regexp@~0.1.12
133 silly packumentCache full:https://registry.npmjs.org/path-to-regexp cache-miss
134 http fetch GET 200 https://registry.npmjs.org/body-parser 119ms (cache miss)
135 silly packumentCache full:https://registry.npmjs.org/body-parser set size:undefined disposed:false
136 silly fetch manifest setprototypeof@1.2.0
137 silly packumentCache full:https://registry.npmjs.org/setprototypeof cache-miss
138 http fetch GET 200 https://registry.npmjs.org/http-errors 107ms (cache miss)
139 silly packumentCache full:https://registry.npmjs.org/http-errors set size:undefined disposed:false
140 silly fetch manifest cookie-signature@~1.0.6
141 silly packumentCache full:https://registry.npmjs.org/cookie-signature cache-miss
142 http fetch GET 200 https://registry.npmjs.org/safe-buffer 93ms (cache miss)
143 silly packumentCache full:https://registry.npmjs.org/safe-buffer set size:undefined disposed:false
144 silly fetch manifest merge-descriptors@1.0.3
145 silly packumentCache full:https://registry.npmjs.org/merge-descriptors cache-miss
146 http fetch GET 200 https://registry.npmjs.org/on-finished 96ms (cache miss)
147 silly packumentCache full:https://registry.npmjs.org/on-finished set size:undefined disposed:false
148 silly fetch manifest content-disposition@~0.5.4
149 silly packumentCache full:https://registry.npmjs.org/content-disposition cache-miss
150 http fetch GET 200 https://registry.npmjs.org/utils-merge 95ms (cache miss)
151 silly packumentCache full:https://registry.npmjs.org/utils-merge set size:undefined disposed:false
152 silly fetch manifest ms@2.1.3
153 silly packumentCache full:https://registry.npmjs.org/ms cache-miss
154 http fetch GET 200 https://registry.npmjs.org/content-type 92ms (cache miss)
155 silly packumentCache full:https://registry.npmjs.org/content-type set size:undefined disposed:false
156 silly fetch manifest bson@^6.10.4
157 silly packumentCache full:https://registry.npmjs.org/bson cache-miss
158 http fetch GET 200 https://registry.npmjs.org/finalhandler 89ms (cache miss)
159 silly packumentCache full:https://registry.npmjs.org/finalhandler set size:undefined disposed:false
160 silly fetch manifest sift@17.1.3
161 silly packumentCache full:https://registry.npmjs.org/sift cache-miss
162 http fetch GET 200 https://registry.npmjs.org/range-parser 100ms (cache miss)
163 silly packumentCache full:https://registry.npmjs.org/range-parser set size:undefined disposed:false
164 silly fetch manifest mpath@0.9.0
165 silly packumentCache full:https://registry.npmjs.org/mpath cache-miss
166 http fetch GET 200 https://registry.npmjs.org/array-flatten 80ms (cache miss)
167 silly packumentCache full:https://registry.npmjs.org/array-flatten set size:undefined disposed:false
168 silly fetch manifest kareem@2.6.3
169 silly packumentCache full:https://registry.npmjs.org/kareem cache-miss
170 http fetch GET 200 https://registry.npmjs.org/setprototypeof 99ms (cache miss)
171 silly packumentCache full:https://registry.npmjs.org/setprototypeof set size:undefined disposed:false
172 silly fetch manifest mquery@5.0.0
173 silly packumentCache full:https://registry.npmjs.org/mquery cache-miss
174 http fetch GET 200 https://registry.npmjs.org/path-to-regexp 113ms (cache miss)
175 silly packumentCache full:https://registry.npmjs.org/path-to-regexp set size:undefined disposed:false
176 silly fetch manifest mongodb@~6.20.0
177 silly packumentCache full:https://registry.npmjs.org/mongodb cache-miss
178 http fetch GET 200 https://registry.npmjs.org/cookie-signature 97ms (cache miss)
179 silly packumentCache full:https://registry.npmjs.org/cookie-signature set size:undefined disposed:false
180 silly fetch manifest debug@^4
181 silly packumentCache full:https://registry.npmjs.org/debug cache-miss
182 http fetch GET 200 https://registry.npmjs.org/merge-descriptors 102ms (cache miss)
183 silly packumentCache full:https://registry.npmjs.org/merge-descriptors set size:undefined disposed:false
184 silly fetch manifest touch@^3.1.0
185 silly packumentCache full:https://registry.npmjs.org/touch cache-miss
186 http fetch GET 200 https://registry.npmjs.org/content-disposition 108ms (cache miss)
187 silly packumentCache full:https://registry.npmjs.org/content-disposition set size:undefined disposed:false
188 silly fetch manifest semver@^7.5.3
189 silly packumentCache full:https://registry.npmjs.org/semver cache-miss
190 http fetch GET 200 https://registry.npmjs.org/ms 114ms (cache miss)
191 silly packumentCache full:https://registry.npmjs.org/ms set size:undefined disposed:false
192 silly fetch manifest chokidar@^3.5.2
193 silly packumentCache full:https://registry.npmjs.org/chokidar cache-miss
194 http cache https://registry.npmjs.org/debug 28ms (cache hit)
195 silly packumentCache full:https://registry.npmjs.org/debug set size:195840 disposed:false
196 silly fetch manifest minimatch@^10.2.1
197 silly packumentCache full:https://registry.npmjs.org/minimatch cache-miss
198 http fetch GET 200 https://registry.npmjs.org/mpath 102ms (cache miss)
199 silly packumentCache full:https://registry.npmjs.org/mpath set size:undefined disposed:false
200 silly fetch manifest undefsafe@^2.0.5
201 silly packumentCache full:https://registry.npmjs.org/undefsafe cache-miss
202 http fetch GET 200 https://registry.npmjs.org/kareem 98ms (cache miss)
203 silly packumentCache full:https://registry.npmjs.org/kareem set size:undefined disposed:false
204 silly fetch manifest pstree.remy@^1.1.8
205 silly packumentCache full:https://registry.npmjs.org/pstree.remy cache-miss
206 http fetch GET 200 https://registry.npmjs.org/sift 162ms (cache miss)
207 silly packumentCache full:https://registry.npmjs.org/sift set size:undefined disposed:false
208 silly fetch manifest supports-color@^5.5.0
209 silly packumentCache full:https://registry.npmjs.org/supports-color cache-miss
210 http fetch GET 200 https://registry.npmjs.org/mquery 108ms (cache miss)
211 silly packumentCache full:https://registry.npmjs.org/mquery set size:undefined disposed:false
212 silly fetch manifest ignore-by-default@^1.0.1
213 silly packumentCache full:https://registry.npmjs.org/ignore-by-default cache-miss
214 http fetch GET 200 https://registry.npmjs.org/touch 87ms (cache miss)
215 silly packumentCache full:https://registry.npmjs.org/touch set size:undefined disposed:false
216 silly fetch manifest simple-update-notifier@^2.0.0
217 silly packumentCache full:https://registry.npmjs.org/simple-update-notifier cache-miss
218 http fetch GET 200 https://registry.npmjs.org/semver 121ms (cache miss)
219 silly packumentCache full:https://registry.npmjs.org/semver set size:undefined disposed:false
220 http fetch GET 200 https://registry.npmjs.org/chokidar 114ms (cache miss)
221 silly packumentCache full:https://registry.npmjs.org/chokidar set size:undefined disposed:false
222 http fetch GET 200 https://registry.npmjs.org/pstree.remy 92ms (cache miss)
223 silly packumentCache full:https://registry.npmjs.org/pstree.remy set size:undefined disposed:false
224 http fetch GET 200 https://registry.npmjs.org/undefsafe 100ms (cache miss)
225 silly packumentCache full:https://registry.npmjs.org/undefsafe set size:undefined disposed:false
226 http fetch GET 200 https://registry.npmjs.org/serve-static 314ms (cache miss)
227 silly packumentCache full:https://registry.npmjs.org/serve-static set size:undefined disposed:false
228 http fetch GET 200 https://registry.npmjs.org/supports-color 87ms (cache miss)
229 silly packumentCache full:https://registry.npmjs.org/supports-color set size:undefined disposed:false
230 http fetch GET 200 https://registry.npmjs.org/minimatch 160ms (cache miss)
231 silly packumentCache full:https://registry.npmjs.org/minimatch set size:undefined disposed:false
232 http fetch GET 200 https://registry.npmjs.org/ignore-by-default 106ms (cache miss)
233 silly packumentCache full:https://registry.npmjs.org/ignore-by-default set size:undefined disposed:false
234 http fetch GET 200 https://registry.npmjs.org/simple-update-notifier 114ms (cache miss)
235 silly packumentCache full:https://registry.npmjs.org/simple-update-notifier set size:undefined disposed:false
236 http fetch GET 200 https://registry.npmjs.org/bson 399ms (cache miss)
237 silly packumentCache full:https://registry.npmjs.org/bson set size:undefined disposed:false
238 http fetch GET 200 https://registry.npmjs.org/mongodb 616ms (cache miss)
239 silly packumentCache full:https://registry.npmjs.org/mongodb set size:undefined disposed:false
240 silly placeDep ROOT object-assign@4.1.1 OK for: cors@2.8.6 want: ^4
241 silly placeDep ROOT vary@1.1.2 OK for: cors@2.8.6 want: ^1
242 silly placeDep ROOT accepts@1.3.8 OK for: express@4.22.2 want: ~1.3.8
243 silly placeDep ROOT array-flatten@1.1.1 OK for: express@4.22.2 want: 1.1.1
244 silly placeDep ROOT body-parser@1.20.6 OK for: express@4.22.2 want: ~1.20.5
245 silly placeDep ROOT content-disposition@0.5.4 OK for: express@4.22.2 want: ~0.5.4
246 silly placeDep ROOT content-type@1.0.5 OK for: express@4.22.2 want: ~1.0.4
247 silly placeDep ROOT cookie@0.7.2 OK for: express@4.22.2 want: ~0.7.1
248 silly placeDep ROOT cookie-signature@1.0.7 OK for: express@4.22.2 want: ~1.0.6
249 silly placeDep ROOT debug@2.6.9 OK for: express@4.22.2 want: 2.6.9
250 silly placeDep ROOT depd@2.0.0 OK for: express@4.22.2 want: 2.0.0
251 silly placeDep ROOT encodeurl@2.0.0 OK for: express@4.22.2 want: ~2.0.0
252 silly placeDep ROOT escape-html@1.0.3 OK for: express@4.22.2 want: ~1.0.3
253 silly placeDep ROOT etag@1.8.1 OK for: express@4.22.2 want: ~1.8.1
254 silly placeDep ROOT finalhandler@1.3.2 OK for: express@4.22.2 want: ~1.3.1
255 silly placeDep ROOT fresh@0.5.2 OK for: express@4.22.2 want: ~0.5.2
256 silly placeDep ROOT http-errors@2.0.1 OK for: express@4.22.2 want: ~2.0.0
257 silly placeDep ROOT merge-descriptors@1.0.3 OK for: express@4.22.2 want: 1.0.3
258 silly placeDep ROOT methods@1.1.2 OK for: express@4.22.2 want: ~1.1.2
259 silly placeDep ROOT on-finished@2.4.1 OK for: express@4.22.2 want: ~2.4.1
260 silly placeDep ROOT parseurl@1.3.3 OK for: express@4.22.2 want: ~1.3.3
261 silly placeDep ROOT path-to-regexp@0.1.13 OK for: express@4.22.2 want: ~0.1.12
262 silly placeDep ROOT proxy-addr@2.0.7 OK for: express@4.22.2 want: ~2.0.7
263 silly placeDep ROOT qs@6.15.3 OK for: express@4.22.2 want: ~6.15.1
264 silly placeDep ROOT range-parser@1.2.1 OK for: express@4.22.2 want: ~1.2.1
265 silly placeDep ROOT safe-buffer@5.2.1 OK for: express@4.22.2 want: 5.2.1
266 silly placeDep ROOT send@0.19.2 OK for: express@4.22.2 want: ~0.19.0
267 silly placeDep ROOT serve-static@1.16.3 OK for: express@4.22.2 want: ~1.16.2
268 silly placeDep ROOT setprototypeof@1.2.0 OK for: express@4.22.2 want: 1.2.0
269 silly placeDep ROOT statuses@2.0.2 OK for: express@4.22.2 want: ~2.0.1
270 silly placeDep ROOT type-is@1.6.18 OK for: express@4.22.2 want: ~1.6.18
271 silly placeDep ROOT utils-merge@1.0.1 OK for: express@4.22.2 want: 1.0.1
272 silly fetch manifest mime-types@~2.1.34
273 silly packumentCache full:https://registry.npmjs.org/mime-types cache-miss
274 silly fetch manifest negotiator@0.6.3
275 silly packumentCache full:https://registry.npmjs.org/negotiator cache-miss
276 silly fetch manifest bytes@~3.1.2
277 silly packumentCache full:https://registry.npmjs.org/bytes cache-miss
278 silly fetch manifest unpipe@~1.0.0
279 silly packumentCache full:https://registry.npmjs.org/unpipe cache-miss
280 silly fetch manifest destroy@~1.2.0
281 silly packumentCache full:https://registry.npmjs.org/destroy cache-miss
282 silly fetch manifest raw-body@~2.5.3
283 silly packumentCache full:https://registry.npmjs.org/raw-body cache-miss
284 silly fetch manifest iconv-lite@~0.4.24
285 silly packumentCache full:https://registry.npmjs.org/iconv-lite cache-miss
286 silly fetch manifest http-errors@~2.0.1
287 silly packumentCache full:https://registry.npmjs.org/http-errors cache-miss
288 silly fetch manifest content-type@~1.0.5
289 silly packumentCache full:https://registry.npmjs.org/content-type cache-miss
290 silly fetch manifest ms@2.0.0
291 silly packumentCache full:https://registry.npmjs.org/ms cache-miss
292 silly fetch manifest unpipe@~1.0.0
293 silly packumentCache full:https://registry.npmjs.org/unpipe cache-miss
294 http cache https://registry.npmjs.org/content-type 49ms (cache hit)
295 silly packumentCache full:https://registry.npmjs.org/content-type set size:23936 disposed:false
296 silly fetch manifest statuses@~2.0.2
297 silly packumentCache full:https://registry.npmjs.org/statuses cache-miss
298 http cache https://registry.npmjs.org/http-errors 52ms (cache hit)
299 silly packumentCache full:https://registry.npmjs.org/http-errors set size:71987 disposed:false
300 silly fetch manifest inherits@~2.0.4
301 silly packumentCache full:https://registry.npmjs.org/inherits cache-miss
302 http cache https://registry.npmjs.org/ms 57ms (cache hit)
303 silly packumentCache full:https://registry.npmjs.org/ms set size:92208 disposed:false
304 silly fetch manifest setprototypeof@~1.2.0
305 silly packumentCache full:https://registry.npmjs.org/setprototypeof cache-miss
306 http cache https://registry.npmjs.org/statuses 22ms (cache hit)
307 silly packumentCache full:https://registry.npmjs.org/statuses set size:37117 disposed:false
308 silly fetch manifest toidentifier@~1.0.1
309 silly packumentCache full:https://registry.npmjs.org/toidentifier cache-miss
310 http cache https://registry.npmjs.org/setprototypeof 19ms (cache hit)
311 silly packumentCache full:https://registry.npmjs.org/setprototypeof set size:14532 disposed:false
312 silly fetch manifest ee-first@1.1.1
313 silly packumentCache full:https://registry.npmjs.org/ee-first cache-miss
314 http fetch GET 200 https://registry.npmjs.org/unpipe 239ms (cache miss)
315 silly packumentCache full:https://registry.npmjs.org/unpipe set size:undefined disposed:false
316 silly fetch manifest forwarded@0.2.0
317 silly packumentCache full:https://registry.npmjs.org/forwarded cache-miss
318 http fetch GET 200 https://registry.npmjs.org/bytes 248ms (cache miss)
319 silly packumentCache full:https://registry.npmjs.org/bytes set size:undefined disposed:false
320 silly fetch manifest ipaddr.js@1.9.1
321 silly packumentCache full:https://registry.npmjs.org/ipaddr.js cache-miss
322 http fetch GET 200 https://registry.npmjs.org/unpipe 250ms (cache miss)
323 silly packumentCache full:https://registry.npmjs.org/unpipe set size:undefined disposed:false
324 silly fetch manifest side-channel@^1.1.1
325 silly packumentCache full:https://registry.npmjs.org/side-channel cache-miss
326 http fetch GET 200 https://registry.npmjs.org/ee-first 174ms (cache miss)
327 silly packumentCache full:https://registry.npmjs.org/ee-first set size:undefined disposed:false
328 silly fetch manifest es-define-property@^1.0.1
329 silly packumentCache full:https://registry.npmjs.org/es-define-property cache-miss
330 http fetch GET 200 https://registry.npmjs.org/negotiator 265ms (cache miss)
331 silly packumentCache full:https://registry.npmjs.org/negotiator set size:undefined disposed:false
332 silly fetch manifest mime@1.6.0
333 silly packumentCache full:https://registry.npmjs.org/mime cache-miss
334 http fetch GET 200 https://registry.npmjs.org/inherits 212ms (cache miss)
335 silly packumentCache full:https://registry.npmjs.org/inherits set size:undefined disposed:false
336 silly fetch manifest destroy@1.2.0
337 silly packumentCache full:https://registry.npmjs.org/destroy cache-miss
338 http fetch GET 200 https://registry.npmjs.org/destroy 293ms (cache miss)
339 silly packumentCache full:https://registry.npmjs.org/destroy set size:undefined disposed:false
340 silly fetch manifest mime-types@~2.1.24
341 silly packumentCache full:https://registry.npmjs.org/mime-types cache-miss
342 http fetch GET 200 https://registry.npmjs.org/mime-types 312ms (cache miss)
343 silly packumentCache full:https://registry.npmjs.org/mime-types set size:undefined disposed:false
344 silly fetch manifest media-typer@0.3.0
345 silly packumentCache full:https://registry.npmjs.org/media-typer cache-miss
346 http fetch GET 200 https://registry.npmjs.org/toidentifier 248ms (cache miss)
347 silly packumentCache full:https://registry.npmjs.org/toidentifier set size:undefined disposed:false
348 http fetch GET 200 https://registry.npmjs.org/raw-body 366ms (cache miss)
349 silly packumentCache full:https://registry.npmjs.org/raw-body set size:undefined disposed:false
350 http fetch GET 200 https://registry.npmjs.org/iconv-lite 412ms (cache miss)
351 silly packumentCache full:https://registry.npmjs.org/iconv-lite set size:undefined disposed:false
352 http cache https://registry.npmjs.org/mime-types 175ms (cache hit)
353 silly packumentCache full:https://registry.npmjs.org/mime-types set size:139110 disposed:false
354 http cache https://registry.npmjs.org/destroy 191ms (cache hit)
355 silly packumentCache full:https://registry.npmjs.org/destroy set size:15738 disposed:false
356 http fetch GET 200 https://registry.npmjs.org/forwarded 240ms (cache miss)
357 silly packumentCache full:https://registry.npmjs.org/forwarded set size:undefined disposed:false
358 http fetch GET 200 https://registry.npmjs.org/es-define-property 225ms (cache miss)
359 silly packumentCache full:https://registry.npmjs.org/es-define-property set size:undefined disposed:false
360 http fetch GET 200 https://registry.npmjs.org/side-channel 230ms (cache miss)
361 silly packumentCache full:https://registry.npmjs.org/side-channel set size:undefined disposed:false
362 http fetch GET 200 https://registry.npmjs.org/ipaddr.js 242ms (cache miss)
363 silly packumentCache full:https://registry.npmjs.org/ipaddr.js set size:undefined disposed:false
364 http fetch GET 200 https://registry.npmjs.org/media-typer 173ms (cache miss)
365 silly packumentCache full:https://registry.npmjs.org/media-typer set size:undefined disposed:false
366 http fetch GET 200 https://registry.npmjs.org/mime 371ms (cache miss)
367 silly packumentCache full:https://registry.npmjs.org/mime set size:undefined disposed:false
368 silly placeDep ROOT mime-types@2.1.35 OK for: accepts@1.3.8 want: ~2.1.34
369 silly placeDep ROOT negotiator@0.6.3 OK for: accepts@1.3.8 want: 0.6.3
370 silly fetch manifest mime-db@1.52.0
371 silly packumentCache full:https://registry.npmjs.org/mime-db cache-miss
372 http fetch GET 200 https://registry.npmjs.org/mime-db 113ms (cache miss)
373 silly packumentCache full:https://registry.npmjs.org/mime-db set size:undefined disposed:false
374 silly placeDep ROOT bytes@3.1.2 OK for: body-parser@1.20.6 want: ~3.1.2
375 silly placeDep ROOT destroy@1.2.0 OK for: body-parser@1.20.6 want: ~1.2.0
376 silly placeDep ROOT iconv-lite@0.4.24 OK for: body-parser@1.20.6 want: ~0.4.24
377 silly placeDep ROOT raw-body@2.5.3 OK for: body-parser@1.20.6 want: ~2.5.3
378 silly placeDep ROOT unpipe@1.0.0 OK for: body-parser@1.20.6 want: ~1.0.0
379 silly fetch manifest safer-buffer@>= 2.1.2 < 3
380 silly packumentCache full:https://registry.npmjs.org/safer-buffer cache-miss
381 http fetch GET 200 https://registry.npmjs.org/safer-buffer 121ms (cache miss)
382 silly packumentCache full:https://registry.npmjs.org/safer-buffer set size:undefined disposed:false
383 silly placeDep ROOT ms@2.0.0 OK for: debug@2.6.9 want: 2.0.0
384 silly placeDep ROOT inherits@2.0.4 OK for: http-errors@2.0.1 want: ~2.0.4
385 silly placeDep ROOT toidentifier@1.0.1 OK for: http-errors@2.0.1 want: ~1.0.1
386 silly placeDep ROOT safer-buffer@2.1.2 OK for: iconv-lite@0.4.24 want: >= 2.1.2 < 3
387 silly placeDep ROOT mime-db@1.52.0 OK for: mime-types@2.1.35 want: 1.52.0
388 silly fetch manifest @aws-sdk/credential-providers@^3.188.0
389 silly packumentCache full:https://registry.npmjs.org/@aws-sdk%2fcredential-providers cache-miss
390 http fetch GET 200 https://registry.npmjs.org/@aws-sdk%2fcredential-providers 327ms (cache miss)
391 silly packumentCache full:https://registry.npmjs.org/@aws-sdk%2fcredential-providers set size:undefined disposed:false
392 silly fetch manifest @mongodb-js/zstd@^1.1.0 || ^2.0.0
393 silly packumentCache full:https://registry.npmjs.org/@mongodb-js%2fzstd cache-miss
394 http fetch GET 200 https://registry.npmjs.org/@mongodb-js%2fzstd 148ms (cache miss)
395 silly packumentCache full:https://registry.npmjs.org/@mongodb-js%2fzstd set size:undefined disposed:false
396 silly fetch manifest gcp-metadata@^5.2.0
397 silly packumentCache full:https://registry.npmjs.org/gcp-metadata cache-miss
398 http fetch GET 200 https://registry.npmjs.org/gcp-metadata 100ms (cache miss)
399 silly packumentCache full:https://registry.npmjs.org/gcp-metadata set size:undefined disposed:false
400 silly fetch manifest kerberos@^2.0.1
401 silly packumentCache full:https://registry.npmjs.org/kerberos cache-miss
402 http fetch GET 200 https://registry.npmjs.org/kerberos 378ms (cache miss)
403 silly packumentCache full:https://registry.npmjs.org/kerberos set size:undefined disposed:false
404 silly fetch manifest mongodb-client-encryption@>=6.0.0 <7
405 silly packumentCache full:https://registry.npmjs.org/mongodb-client-encryption cache-miss
406 http fetch GET 200 https://registry.npmjs.org/mongodb-client-encryption 120ms (cache miss)
407 silly packumentCache full:https://registry.npmjs.org/mongodb-client-encryption set size:undefined disposed:false
408 silly fetch manifest snappy@^7.3.2
409 silly packumentCache full:https://registry.npmjs.org/snappy cache-miss
410 http fetch GET 200 https://registry.npmjs.org/snappy 140ms (cache miss)
411 silly packumentCache full:https://registry.npmjs.org/snappy set size:undefined disposed:false
412 silly fetch manifest socks@^2.7.1
413 silly packumentCache full:https://registry.npmjs.org/socks cache-miss
414 http fetch GET 200 https://registry.npmjs.org/socks 112ms (cache miss)
415 silly packumentCache full:https://registry.npmjs.org/socks set size:undefined disposed:false
416 silly placeDep ROOT bson@6.10.4 OK for: mongoose@8.24.4 want: ^6.10.4
417 silly placeDep ROOT kareem@2.6.3 OK for: mongoose@8.24.4 want: 2.6.3
418 silly placeDep ROOT mongodb@6.20.0 OK for: mongoose@8.24.4 want: ~6.20.0
419 silly placeDep ROOT mpath@0.9.0 OK for: mongoose@8.24.4 want: 0.9.0
420 silly placeDep ROOT mquery@5.0.0 OK for: mongoose@8.24.4 want: 5.0.0
421 silly placeDep node_modules/mongoose ms@2.1.3 OK for: mongoose@8.24.4 want: 2.1.3
422 silly placeDep ROOT sift@17.1.3 OK for: mongoose@8.24.4 want: 17.1.3
423 silly fetch manifest @mongodb-js/saslprep@^1.3.0
424 silly packumentCache full:https://registry.npmjs.org/@mongodb-js%2fsaslprep cache-miss
425 silly fetch manifest mongodb-connection-string-url@^3.0.2
426 silly packumentCache full:https://registry.npmjs.org/mongodb-connection-string-url cache-miss
427 silly fetch manifest debug@4.x
428 silly packumentCache full:https://registry.npmjs.org/debug cache-hit
429 http fetch GET 200 https://registry.npmjs.org/mongodb-connection-string-url 423ms (cache miss)
430 silly packumentCache full:https://registry.npmjs.org/mongodb-connection-string-url set size:undefined disposed:false
431 http fetch GET 200 https://registry.npmjs.org/@mongodb-js%2fsaslprep 432ms (cache miss)
432 silly packumentCache full:https://registry.npmjs.org/@mongodb-js%2fsaslprep set size:undefined disposed:false
433 silly placeDep ROOT @mongodb-js/saslprep@1.5.0 OK for: mongodb@6.20.0 want: ^1.3.0
434 silly placeDep ROOT mongodb-connection-string-url@3.0.2 OK for: mongodb@6.20.0 want: ^3.0.2
435 silly fetch manifest sparse-bitfield@^3.0.3
436 silly packumentCache full:https://registry.npmjs.org/sparse-bitfield cache-miss
437 silly fetch manifest whatwg-url@^14.1.0 || ^13.0.0
438 silly packumentCache full:https://registry.npmjs.org/whatwg-url cache-miss
439 silly fetch manifest @types/whatwg-url@^11.0.2
440 silly packumentCache full:https://registry.npmjs.org/@types%2fwhatwg-url cache-miss
441 http fetch GET 200 https://registry.npmjs.org/whatwg-url 132ms (cache miss)
442 silly packumentCache full:https://registry.npmjs.org/whatwg-url set size:undefined disposed:false
443 http fetch GET 200 https://registry.npmjs.org/@types%2fwhatwg-url 342ms (cache miss)
444 silly packumentCache full:https://registry.npmjs.org/@types%2fwhatwg-url set size:undefined disposed:false
445 http fetch GET 200 https://registry.npmjs.org/sparse-bitfield 352ms (cache miss)
446 silly packumentCache full:https://registry.npmjs.org/sparse-bitfield set size:undefined disposed:false
447 silly placeDep ROOT sparse-bitfield@3.0.3 OK for: @mongodb-js/saslprep@1.5.0 want: ^3.0.3
448 silly fetch manifest memory-pager@^1.0.2
449 silly packumentCache full:https://registry.npmjs.org/memory-pager cache-miss
450 http fetch GET 200 https://registry.npmjs.org/memory-pager 365ms (cache miss)
451 silly packumentCache full:https://registry.npmjs.org/memory-pager set size:undefined disposed:false
452 silly placeDep ROOT @types/whatwg-url@11.0.5 OK for: mongodb-connection-string-url@3.0.2 want: ^11.0.2
453 silly placeDep ROOT whatwg-url@14.2.0 OK for: mongodb-connection-string-url@3.0.2 want: ^14.1.0 || ^13.0.0
454 silly fetch manifest @types/webidl-conversions@*
455 silly packumentCache full:https://registry.npmjs.org/@types%2fwebidl-conversions cache-miss
456 silly fetch manifest tr46@^5.1.0
457 silly packumentCache full:https://registry.npmjs.org/tr46 cache-miss
458 silly fetch manifest webidl-conversions@^7.0.0
459 silly packumentCache full:https://registry.npmjs.org/webidl-conversions cache-miss
460 http fetch GET 200 https://registry.npmjs.org/tr46 122ms (cache miss)
461 silly packumentCache full:https://registry.npmjs.org/tr46 set size:undefined disposed:false
462 http fetch GET 200 https://registry.npmjs.org/webidl-conversions 126ms (cache miss)
463 silly packumentCache full:https://registry.npmjs.org/webidl-conversions set size:undefined disposed:false
464 http fetch GET 200 https://registry.npmjs.org/@types%2fwebidl-conversions 629ms (cache miss)
465 silly packumentCache full:https://registry.npmjs.org/@types%2fwebidl-conversions set size:undefined disposed:false
466 silly placeDep ROOT @types/webidl-conversions@7.0.3 OK for: @types/whatwg-url@11.0.5 want: *
467 silly placeDep node_modules/mquery debug@4.4.3 OK for: mquery@5.0.0 want: 4.x
468 silly fetch manifest ms@^2.1.3
469 silly packumentCache full:https://registry.npmjs.org/ms cache-hit
470 silly placeDep ROOT chokidar@3.6.0 OK for: nodemon@3.1.14 want: ^3.5.2
471 silly placeDep node_modules/nodemon debug@4.4.3 OK for: nodemon@3.1.14 want: ^4
472 silly placeDep ROOT ignore-by-default@1.0.1 OK for: nodemon@3.1.14 want: ^1.0.1
473 silly placeDep ROOT minimatch@10.2.6 OK for: nodemon@3.1.14 want: ^10.2.1
474 silly placeDep ROOT pstree.remy@1.1.8 OK for: nodemon@3.1.14 want: ^1.1.8
475 silly placeDep ROOT semver@7.8.5 OK for: nodemon@3.1.14 want: ^7.5.3
476 silly placeDep ROOT simple-update-notifier@2.0.0 OK for: nodemon@3.1.14 want: ^2.0.0
477 silly placeDep ROOT supports-color@5.5.0 OK for: nodemon@3.1.14 want: ^5.5.0
478 silly placeDep ROOT touch@3.1.1 OK for: nodemon@3.1.14 want: ^3.1.0
479 silly placeDep ROOT undefsafe@2.0.5 OK for: nodemon@3.1.14 want: ^2.0.5
480 silly fetch manifest braces@~3.0.2
481 silly packumentCache full:https://registry.npmjs.org/braces cache-miss
482 silly fetch manifest is-glob@~4.0.1
483 silly packumentCache full:https://registry.npmjs.org/is-glob cache-miss
484 silly fetch manifest anymatch@~3.1.2
485 silly packumentCache full:https://registry.npmjs.org/anymatch cache-miss
486 silly fetch manifest readdirp@~3.6.0
487 silly packumentCache full:https://registry.npmjs.org/readdirp cache-miss
488 silly fetch manifest glob-parent@~5.1.2
489 silly packumentCache full:https://registry.npmjs.org/glob-parent cache-miss
490 silly fetch manifest is-binary-path@~2.1.0
491 silly packumentCache full:https://registry.npmjs.org/is-binary-path cache-miss
492 silly fetch manifest normalize-path@~3.0.0
493 silly packumentCache full:https://registry.npmjs.org/normalize-path cache-miss
494 silly fetch manifest fsevents@~2.3.2
495 silly packumentCache full:https://registry.npmjs.org/fsevents cache-miss
496 silly fetch manifest brace-expansion@^5.0.8
497 silly packumentCache full:https://registry.npmjs.org/brace-expansion cache-miss
498 silly fetch manifest has-flag@^3.0.0
499 silly packumentCache full:https://registry.npmjs.org/has-flag cache-miss
500 http fetch GET 200 https://registry.npmjs.org/is-glob 198ms (cache miss)
501 silly packumentCache full:https://registry.npmjs.org/is-glob set size:undefined disposed:false
502 http fetch GET 200 https://registry.npmjs.org/normalize-path 232ms (cache miss)
503 silly packumentCache full:https://registry.npmjs.org/normalize-path set size:undefined disposed:false
504 http fetch GET 200 https://registry.npmjs.org/has-flag 231ms (cache miss)
505 silly packumentCache full:https://registry.npmjs.org/has-flag set size:undefined disposed:false
506 http fetch GET 200 https://registry.npmjs.org/anymatch 240ms (cache miss)
507 silly packumentCache full:https://registry.npmjs.org/anymatch set size:undefined disposed:false
508 http fetch GET 200 https://registry.npmjs.org/glob-parent 244ms (cache miss)
509 silly packumentCache full:https://registry.npmjs.org/glob-parent set size:undefined disposed:false
510 http fetch GET 200 https://registry.npmjs.org/is-binary-path 246ms (cache miss)
511 silly packumentCache full:https://registry.npmjs.org/is-binary-path set size:undefined disposed:false
512 http fetch GET 200 https://registry.npmjs.org/brace-expansion 245ms (cache miss)
513 silly packumentCache full:https://registry.npmjs.org/brace-expansion set size:undefined disposed:false
514 http fetch GET 200 https://registry.npmjs.org/braces 253ms (cache miss)
515 silly packumentCache full:https://registry.npmjs.org/braces set size:undefined disposed:false
516 http fetch GET 200 https://registry.npmjs.org/readdirp 255ms (cache miss)
517 silly packumentCache full:https://registry.npmjs.org/readdirp set size:undefined disposed:false
518 http fetch GET 200 https://registry.npmjs.org/fsevents 257ms (cache miss)
519 silly packumentCache full:https://registry.npmjs.org/fsevents set size:undefined disposed:false
520 silly placeDep ROOT anymatch@3.1.3 OK for: chokidar@3.6.0 want: ~3.1.2
521 silly placeDep ROOT braces@3.0.3 OK for: chokidar@3.6.0 want: ~3.0.2
522 silly placeDep ROOT fsevents@2.3.3 OK for: chokidar@3.6.0 want: ~2.3.2
523 silly placeDep ROOT glob-parent@5.1.2 OK for: chokidar@3.6.0 want: ~5.1.2
524 silly placeDep ROOT is-binary-path@2.1.0 OK for: chokidar@3.6.0 want: ~2.1.0
525 silly placeDep ROOT is-glob@4.0.3 OK for: chokidar@3.6.0 want: ~4.0.1
526 silly placeDep ROOT normalize-path@3.0.0 OK for: chokidar@3.6.0 want: ~3.0.0
527 silly placeDep ROOT readdirp@3.6.0 OK for: chokidar@3.6.0 want: ~3.6.0
528 silly fetch manifest picomatch@^2.0.4
529 silly packumentCache full:https://registry.npmjs.org/picomatch cache-miss
530 silly fetch manifest normalize-path@^3.0.0
531 silly packumentCache full:https://registry.npmjs.org/normalize-path cache-miss
532 silly fetch manifest fill-range@^7.1.1
533 silly packumentCache full:https://registry.npmjs.org/fill-range cache-miss
534 silly fetch manifest is-glob@^4.0.1
535 silly packumentCache full:https://registry.npmjs.org/is-glob cache-miss
536 silly fetch manifest binary-extensions@^2.0.0
537 silly packumentCache full:https://registry.npmjs.org/binary-extensions cache-miss
538 silly fetch manifest is-extglob@^2.1.1
539 silly packumentCache full:https://registry.npmjs.org/is-extglob cache-miss
540 silly fetch manifest picomatch@^2.2.1
541 silly packumentCache full:https://registry.npmjs.org/picomatch cache-miss
542 http cache https://registry.npmjs.org/is-glob 28ms (cache hit)
543 silly packumentCache full:https://registry.npmjs.org/is-glob set size:40530 disposed:false
544 http cache https://registry.npmjs.org/normalize-path 31ms (cache hit)
545 silly packumentCache full:https://registry.npmjs.org/normalize-path set size:28713 disposed:false
546 http fetch GET 200 https://registry.npmjs.org/is-extglob 168ms (cache miss)
547 silly packumentCache full:https://registry.npmjs.org/is-extglob set size:undefined disposed:false
548 http fetch GET 200 https://registry.npmjs.org/binary-extensions 182ms (cache miss)
549 silly packumentCache full:https://registry.npmjs.org/binary-extensions set size:undefined disposed:false
550 http fetch GET 200 https://registry.npmjs.org/picomatch 189ms (cache miss)
551 silly packumentCache full:https://registry.npmjs.org/picomatch set size:undefined disposed:false
552 http fetch GET 200 https://registry.npmjs.org/picomatch 195ms (cache miss)
553 silly packumentCache full:https://registry.npmjs.org/picomatch set size:undefined disposed:false
554 http fetch GET 200 https://registry.npmjs.org/fill-range 205ms (cache miss)
555 silly packumentCache full:https://registry.npmjs.org/fill-range set size:undefined disposed:false
556 silly placeDep ROOT picomatch@2.3.2 OK for: anymatch@3.1.3 want: ^2.0.4
557 silly placeDep ROOT fill-range@7.1.1 OK for: braces@3.0.3 want: ^7.1.1
558 silly fetch manifest to-regex-range@^5.0.1
559 silly packumentCache full:https://registry.npmjs.org/to-regex-range cache-miss
560 http fetch GET 200 https://registry.npmjs.org/to-regex-range 477ms (cache miss)
561 silly packumentCache full:https://registry.npmjs.org/to-regex-range set size:undefined disposed:false
562 silly placeDep ROOT to-regex-range@5.0.1 OK for: fill-range@7.1.1 want: ^5.0.1
563 silly fetch manifest is-number@^7.0.0
564 silly packumentCache full:https://registry.npmjs.org/is-number cache-miss
565 http fetch GET 200 https://registry.npmjs.org/is-number 126ms (cache miss)
566 silly packumentCache full:https://registry.npmjs.org/is-number set size:undefined disposed:false
567 silly placeDep ROOT binary-extensions@2.3.0 OK for: is-binary-path@2.1.0 want: ^2.0.0
568 silly placeDep ROOT is-extglob@2.1.1 OK for: is-glob@4.0.3 want: ^2.1.1
569 silly placeDep ROOT brace-expansion@5.0.9 OK for: minimatch@10.2.6 want: ^5.0.8
570 silly fetch manifest balanced-match@^4.0.2
571 silly packumentCache full:https://registry.npmjs.org/balanced-match cache-miss
572 http fetch GET 200 https://registry.npmjs.org/balanced-match 137ms (cache miss)
573 silly packumentCache full:https://registry.npmjs.org/balanced-match set size:undefined disposed:false
574 silly placeDep ROOT balanced-match@4.0.4 OK for: brace-expansion@5.0.9 want: ^4.0.2
575 silly placeDep ROOT ee-first@1.1.1 OK for: on-finished@2.4.1 want: 1.1.1
576 silly placeDep ROOT forwarded@0.2.0 OK for: proxy-addr@2.0.7 want: 0.2.0
577 silly placeDep ROOT ipaddr.js@1.9.1 OK for: proxy-addr@2.0.7 want: 1.9.1
578 silly placeDep ROOT es-define-property@1.0.1 OK for: qs@6.15.3 want: ^1.0.1
579 silly placeDep ROOT side-channel@1.1.1 OK for: qs@6.15.3 want: ^1.1.1
580 silly fetch manifest es-errors@^1.3.0
581 silly packumentCache full:https://registry.npmjs.org/es-errors cache-miss
582 silly fetch manifest object-inspect@^1.13.4
583 silly packumentCache full:https://registry.npmjs.org/object-inspect cache-miss
584 silly fetch manifest side-channel-list@^1.0.1
585 silly packumentCache full:https://registry.npmjs.org/side-channel-list cache-miss
586 silly fetch manifest side-channel-map@^1.0.1
587 silly packumentCache full:https://registry.npmjs.org/side-channel-map cache-miss
588 silly fetch manifest side-channel-weakmap@^1.0.2
589 silly packumentCache full:https://registry.npmjs.org/side-channel-weakmap cache-miss
590 http fetch GET 200 https://registry.npmjs.org/es-errors 147ms (cache miss)
591 silly packumentCache full:https://registry.npmjs.org/es-errors set size:undefined disposed:false
592 http fetch GET 200 https://registry.npmjs.org/side-channel-map 155ms (cache miss)
593 silly packumentCache full:https://registry.npmjs.org/side-channel-map set size:undefined disposed:false
594 http fetch GET 200 https://registry.npmjs.org/side-channel-list 158ms (cache miss)
595 silly packumentCache full:https://registry.npmjs.org/side-channel-list set size:undefined disposed:false
596 http fetch GET 200 https://registry.npmjs.org/side-channel-weakmap 158ms (cache miss)
597 silly packumentCache full:https://registry.npmjs.org/side-channel-weakmap set size:undefined disposed:false
598 http fetch GET 200 https://registry.npmjs.org/object-inspect 163ms (cache miss)
599 silly packumentCache full:https://registry.npmjs.org/object-inspect set size:undefined disposed:false
600 silly placeDep ROOT mime@1.6.0 OK for: send@0.19.2 want: 1.6.0
601 silly placeDep node_modules/send ms@2.1.3 OK for: send@0.19.2 want: 2.1.3
602 silly placeDep ROOT es-errors@1.3.0 OK for: side-channel@1.1.1 want: ^1.3.0
603 silly placeDep ROOT object-inspect@1.13.4 OK for: side-channel@1.1.1 want: ^1.13.4
604 silly placeDep ROOT side-channel-list@1.0.1 OK for: side-channel@1.1.1 want: ^1.0.1
605 silly placeDep ROOT side-channel-map@1.0.1 OK for: side-channel@1.1.1 want: ^1.0.1
606 silly placeDep ROOT side-channel-weakmap@1.0.2 OK for: side-channel@1.1.1 want: ^1.0.2
607 silly fetch manifest call-bound@^1.0.2
608 silly packumentCache full:https://registry.npmjs.org/call-bound cache-miss
609 silly fetch manifest get-intrinsic@^1.2.5
610 silly packumentCache full:https://registry.npmjs.org/get-intrinsic cache-miss
611 silly fetch manifest call-bound@^1.0.2
612 silly packumentCache full:https://registry.npmjs.org/call-bound cache-miss
613 silly fetch manifest get-intrinsic@^1.2.5
614 silly packumentCache full:https://registry.npmjs.org/get-intrinsic cache-miss
615 http fetch GET 200 https://registry.npmjs.org/call-bound 224ms (cache miss)
616 silly packumentCache full:https://registry.npmjs.org/call-bound set size:undefined disposed:false
617 http fetch GET 200 https://registry.npmjs.org/call-bound 226ms (cache miss)
618 silly packumentCache full:https://registry.npmjs.org/call-bound set size:undefined disposed:false
619 http fetch GET 200 https://registry.npmjs.org/get-intrinsic 246ms (cache miss)
620 silly packumentCache full:https://registry.npmjs.org/get-intrinsic set size:undefined disposed:false
621 http fetch GET 200 https://registry.npmjs.org/get-intrinsic 249ms (cache miss)
622 silly packumentCache full:https://registry.npmjs.org/get-intrinsic set size:undefined disposed:false
623 silly placeDep ROOT call-bound@1.0.4 OK for: side-channel-map@1.0.1 want: ^1.0.2
624 silly placeDep ROOT get-intrinsic@1.3.0 OK for: side-channel-map@1.0.1 want: ^1.2.5
625 silly fetch manifest call-bind-apply-helpers@^1.0.2
626 silly packumentCache full:https://registry.npmjs.org/call-bind-apply-helpers cache-miss
627 silly fetch manifest get-intrinsic@^1.3.0
628 silly packumentCache full:https://registry.npmjs.org/get-intrinsic cache-miss
629 silly fetch manifest gopd@^1.2.0
630 silly packumentCache full:https://registry.npmjs.org/gopd cache-miss
631 silly fetch manifest hasown@^2.0.2
632 silly packumentCache full:https://registry.npmjs.org/hasown cache-miss
633 silly fetch manifest get-proto@^1.0.1
634 silly packumentCache full:https://registry.npmjs.org/get-proto cache-miss
635 silly fetch manifest has-symbols@^1.1.0
636 silly packumentCache full:https://registry.npmjs.org/has-symbols cache-miss
637 silly fetch manifest function-bind@^1.1.2
638 silly packumentCache full:https://registry.npmjs.org/function-bind cache-miss
639 silly fetch manifest es-object-atoms@^1.1.1
640 silly packumentCache full:https://registry.npmjs.org/es-object-atoms cache-miss
641 silly fetch manifest math-intrinsics@^1.1.0
642 silly packumentCache full:https://registry.npmjs.org/math-intrinsics cache-miss
643 silly fetch manifest call-bind-apply-helpers@^1.0.2
644 silly packumentCache full:https://registry.npmjs.org/call-bind-apply-helpers cache-miss
645 http cache https://registry.npmjs.org/get-intrinsic 36ms (cache hit)
646 silly packumentCache full:https://registry.npmjs.org/get-intrinsic set size:60985 disposed:false
647 http fetch GET 200 https://registry.npmjs.org/get-proto 280ms (cache miss)
648 silly packumentCache full:https://registry.npmjs.org/get-proto set size:undefined disposed:false
649 http fetch GET 200 https://registry.npmjs.org/function-bind 280ms (cache miss)
650 silly packumentCache full:https://registry.npmjs.org/function-bind set size:undefined disposed:false
651 http fetch GET 200 https://registry.npmjs.org/es-object-atoms 281ms (cache miss)
652 silly packumentCache full:https://registry.npmjs.org/es-object-atoms set size:undefined disposed:false
653 http fetch GET 200 https://registry.npmjs.org/gopd 286ms (cache miss)
654 silly packumentCache full:https://registry.npmjs.org/gopd set size:undefined disposed:false
655 http fetch GET 200 https://registry.npmjs.org/call-bind-apply-helpers 289ms (cache miss)
656 silly packumentCache full:https://registry.npmjs.org/call-bind-apply-helpers set size:undefined disposed:false
657 http fetch GET 200 https://registry.npmjs.org/math-intrinsics 286ms (cache miss)
658 silly packumentCache full:https://registry.npmjs.org/math-intrinsics set size:undefined disposed:false
659 http fetch GET 200 https://registry.npmjs.org/hasown 293ms (cache miss)
660 silly packumentCache full:https://registry.npmjs.org/hasown set size:undefined disposed:false
661 http fetch GET 200 https://registry.npmjs.org/call-bind-apply-helpers 288ms (cache miss)
662 silly packumentCache full:https://registry.npmjs.org/call-bind-apply-helpers set size:undefined disposed:false
663 http fetch GET 200 https://registry.npmjs.org/has-symbols 294ms (cache miss)
664 silly packumentCache full:https://registry.npmjs.org/has-symbols set size:undefined disposed:false
665 silly placeDep ROOT call-bind-apply-helpers@1.0.2 OK for: call-bound@1.0.4 want: ^1.0.2
666 silly placeDep ROOT function-bind@1.1.2 OK for: call-bind-apply-helpers@1.0.2 want: ^1.1.2
667 silly placeDep ROOT es-object-atoms@1.1.2 OK for: get-intrinsic@1.3.0 want: ^1.1.1
668 silly placeDep ROOT get-proto@1.0.1 OK for: get-intrinsic@1.3.0 want: ^1.0.1
669 silly placeDep ROOT gopd@1.2.0 OK for: get-intrinsic@1.3.0 want: ^1.2.0
670 silly placeDep ROOT has-symbols@1.1.0 OK for: get-intrinsic@1.3.0 want: ^1.1.0
671 silly placeDep ROOT hasown@2.0.4 OK for: get-intrinsic@1.3.0 want: ^2.0.2
672 silly placeDep ROOT math-intrinsics@1.1.0 OK for: get-intrinsic@1.3.0 want: ^1.1.0
673 silly fetch manifest dunder-proto@^1.0.1
674 silly packumentCache full:https://registry.npmjs.org/dunder-proto cache-miss
675 http fetch GET 200 https://registry.npmjs.org/dunder-proto 121ms (cache miss)
676 silly packumentCache full:https://registry.npmjs.org/dunder-proto set size:undefined disposed:false
677 silly placeDep ROOT dunder-proto@1.0.1 OK for: get-proto@1.0.1 want: ^1.0.1
678 silly placeDep ROOT memory-pager@1.5.0 OK for: sparse-bitfield@3.0.3 want: ^1.0.2
679 silly placeDep ROOT has-flag@3.0.0 OK for: supports-color@5.5.0 want: ^3.0.0
680 silly placeDep ROOT is-number@7.0.0 OK for: to-regex-range@5.0.1 want: ^7.0.0
681 silly placeDep ROOT media-typer@0.3.0 OK for: type-is@1.6.18 want: 0.3.0
682 silly placeDep ROOT tr46@5.1.1 OK for: whatwg-url@14.2.0 want: ^5.1.0
683 silly placeDep ROOT webidl-conversions@7.0.0 OK for: whatwg-url@14.2.0 want: ^7.0.0
684 silly fetch manifest punycode@^2.3.1
685 silly packumentCache full:https://registry.npmjs.org/punycode cache-miss
686 http fetch GET 200 https://registry.npmjs.org/punycode 128ms (cache miss)
687 silly packumentCache full:https://registry.npmjs.org/punycode set size:undefined disposed:false
688 silly placeDep ROOT punycode@2.3.1 OK for: tr46@5.1.1 want: ^2.3.1
689 silly placeDep node_modules/mquery ms@2.1.3 OK for: debug@4.4.3 want: ^2.1.3
690 silly placeDep node_modules/nodemon ms@2.1.3 OK for: debug@4.4.3 want: ^2.1.3
691 silly reify moves {}
692 silly audit bulk request {
692 silly audit   cors: [ '2.8.6' ],
692 silly audit   dotenv: [ '16.6.1' ],
692 silly audit   express: [ '4.22.2' ],
692 silly audit   mongoose: [ '8.24.4' ],
692 silly audit   nodemon: [ '3.1.14' ],
692 silly audit   'object-assign': [ '4.1.1' ],
692 silly audit   vary: [ '1.1.2' ],
692 silly audit   accepts: [ '1.3.8' ],
692 silly audit   'array-flatten': [ '1.1.1' ],
692 silly audit   'body-parser': [ '1.20.6' ],
692 silly audit   'content-disposition': [ '0.5.4' ],
692 silly audit   'content-type': [ '1.0.5' ],
692 silly audit   cookie: [ '0.7.2' ],
692 silly audit   'cookie-signature': [ '1.0.7' ],
692 silly audit   debug: [ '2.6.9', '4.4.3' ],
692 silly audit   depd: [ '2.0.0' ],
692 silly audit   encodeurl: [ '2.0.0' ],
692 silly audit   'escape-html': [ '1.0.3' ],
692 silly audit   etag: [ '1.8.1' ],
692 silly audit   finalhandler: [ '1.3.2' ],
692 silly audit   fresh: [ '0.5.2' ],
692 silly audit   'http-errors': [ '2.0.1' ],
692 silly audit   'merge-descriptors': [ '1.0.3' ],
692 silly audit   methods: [ '1.1.2' ],
692 silly audit   'on-finished': [ '2.4.1' ],
692 silly audit   parseurl: [ '1.3.3' ],
692 silly audit   'path-to-regexp': [ '0.1.13' ],
692 silly audit   'proxy-addr': [ '2.0.7' ],
692 silly audit   qs: [ '6.15.3' ],
692 silly audit   'range-parser': [ '1.2.1' ],
692 silly audit   'safe-buffer': [ '5.2.1' ],
692 silly audit   send: [ '0.19.2' ],
692 silly audit   'serve-static': [ '1.16.3' ],
692 silly audit   setprototypeof: [ '1.2.0' ],
692 silly audit   statuses: [ '2.0.2' ],
692 silly audit   'type-is': [ '1.6.18' ],
692 silly audit   'utils-merge': [ '1.0.1' ],
692 silly audit   'mime-types': [ '2.1.35' ],
692 silly audit   negotiator: [ '0.6.3' ],
692 silly audit   bytes: [ '3.1.2' ],
692 silly audit   destroy: [ '1.2.0' ],
692 silly audit   'iconv-lite': [ '0.4.24' ],
692 silly audit   'raw-body': [ '2.5.3' ],
692 silly audit   unpipe: [ '1.0.0' ],
692 silly audit   ms: [ '2.0.0', '2.1.3' ],
692 silly audit   inherits: [ '2.0.4' ],
692 silly audit   toidentifier: [ '1.0.1' ],
692 silly audit   'safer-buffer': [ '2.1.2' ],
692 silly audit   'mime-db': [ '1.52.0' ],
692 silly audit   bson: [ '6.10.4' ],
692 silly audit   kareem: [ '2.6.3' ],
692 silly audit   mongodb: [ '6.20.0' ],
692 silly audit   mpath: [ '0.9.0' ],
692 silly audit   mquery: [ '5.0.0' ],
692 silly audit   sift: [ '17.1.3' ],
692 silly audit   '@mongodb-js/saslprep': [ '1.5.0' ],
692 silly audit   'mongodb-connection-string-url': [ '3.0.2' ],
692 silly audit   'sparse-bitfield': [ '3.0.3' ],
692 silly audit   '@types/whatwg-url': [ '11.0.5' ],
692 silly audit   'whatwg-url': [ '14.2.0' ],
692 silly audit   '@types/webidl-conversions': [ '7.0.3' ],
692 silly audit   chokidar: [ '3.6.0' ],
692 silly audit   'ignore-by-default': [ '1.0.1' ],
692 silly audit   minimatch: [ '10.2.6' ],
692 silly audit   'pstree.remy': [ '1.1.8' ],
692 silly audit   semver: [ '7.8.5' ],
692 silly audit   'simple-update-notifier': [ '2.0.0' ],
692 silly audit   'supports-color': [ '5.5.0' ],
692 silly audit   touch: [ '3.1.1' ],
692 silly audit   undefsafe: [ '2.0.5' ],
692 silly audit   anymatch: [ '3.1.3' ],
692 silly audit   braces: [ '3.0.3' ],
692 silly audit   fsevents: [ '2.3.3' ],
692 silly audit   'glob-parent': [ '5.1.2' ],
692 silly audit   'is-binary-path': [ '2.1.0' ],
692 silly audit   'is-glob': [ '4.0.3' ],
692 silly audit   'normalize-path': [ '3.0.0' ],
692 silly audit   readdirp: [ '3.6.0' ],
692 silly audit   picomatch: [ '2.3.2' ],
692 silly audit   'fill-range': [ '7.1.1' ],
692 silly audit   'to-regex-range': [ '5.0.1' ],
692 silly audit   'binary-extensions': [ '2.3.0' ],
692 silly audit   'is-extglob': [ '2.1.1' ],
692 silly audit   'brace-expansion': [ '5.0.9' ],
692 silly audit   'balanced-match': [ '4.0.4' ],
692 silly audit   'ee-first': [ '1.1.1' ],
692 silly audit   forwarded: [ '0.2.0' ],
692 silly audit   'ipaddr.js': [ '1.9.1' ],
692 silly audit   'es-define-property': [ '1.0.1' ],
692 silly audit   'side-channel': [ '1.1.1' ],
692 silly audit   mime: [ '1.6.0' ],
692 silly audit   'es-errors': [ '1.3.0' ],
692 silly audit   'object-inspect': [ '1.13.4' ],
692 silly audit   'side-channel-list': [ '1.0.1' ],
692 silly audit   'side-channel-map': [ '1.0.1' ],
692 silly audit   'side-channel-weakmap': [ '1.0.2' ],
692 silly audit   'call-bound': [ '1.0.4' ],
692 silly audit   'get-intrinsic': [ '1.3.0' ],
692 silly audit   'call-bind-apply-helpers': [ '1.0.2' ],
692 silly audit   'function-bind': [ '1.1.2' ],
692 silly audit   'es-object-atoms': [ '1.1.2' ],
692 silly audit   'get-proto': [ '1.0.1' ],
692 silly audit   gopd: [ '1.2.0' ],
692 silly audit   'has-symbols': [ '1.1.0' ],
692 silly audit   hasown: [ '2.0.4' ],
692 silly audit   'math-intrinsics': [ '1.1.0' ],
692 silly audit   'dunder-proto': [ '1.0.1' ],
692 silly audit   'memory-pager': [ '1.5.0' ],
692 silly audit   'has-flag': [ '3.0.0' ],
692 silly audit   'is-number': [ '7.0.0' ],
692 silly audit   'media-typer': [ '0.3.0' ],
692 silly audit   tr46: [ '5.1.1' ],
692 silly audit   'webidl-conversions': [ '7.0.0' ],
692 silly audit   punycode: [ '2.3.1' ]
692 silly audit }
693 verbose reify failed optional dependency E:\grocery-delivery\backend\node_modules\fsevents
694 silly reify mark deleted [ 'E:\\grocery-delivery\\backend\\node_modules\\fsevents' ]
695 http cache punycode@https://registry.npmjs.org/punycode/-/punycode-2.3.1.tgz 0ms (cache hit)
696 http cache webidl-conversions@https://registry.npmjs.org/webidl-conversions/-/webidl-conversions-7.0.0.tgz 0ms (cache hit)
697 http cache media-typer@https://registry.npmjs.org/media-typer/-/media-typer-0.3.0.tgz 0ms (cache hit)
698 http cache tr46@https://registry.npmjs.org/tr46/-/tr46-5.1.1.tgz 0ms (cache hit)
699 http cache is-number@https://registry.npmjs.org/is-number/-/is-number-7.0.0.tgz 0ms (cache hit)
700 http cache dunder-proto@https://registry.npmjs.org/dunder-proto/-/dunder-proto-1.0.1.tgz 0ms (cache hit)
701 http cache has-flag@https://registry.npmjs.org/has-flag/-/has-flag-3.0.0.tgz 0ms (cache hit)
702 http cache memory-pager@https://registry.npmjs.org/memory-pager/-/memory-pager-1.5.0.tgz 0ms (cache hit)
703 http cache math-intrinsics@https://registry.npmjs.org/math-intrinsics/-/math-intrinsics-1.1.0.tgz 0ms (cache hit)
704 http cache has-symbols@https://registry.npmjs.org/has-symbols/-/has-symbols-1.1.0.tgz 0ms (cache hit)
705 http cache hasown@https://registry.npmjs.org/hasown/-/hasown-2.0.4.tgz 0ms (cache hit)
706 http cache get-proto@https://registry.npmjs.org/get-proto/-/get-proto-1.0.1.tgz 0ms (cache hit)
707 http cache gopd@https://registry.npmjs.org/gopd/-/gopd-1.2.0.tgz 0ms (cache hit)
708 http cache es-object-atoms@https://registry.npmjs.org/es-object-atoms/-/es-object-atoms-1.1.2.tgz 0ms (cache hit)
709 http cache function-bind@https://registry.npmjs.org/function-bind/-/function-bind-1.1.2.tgz 0ms (cache hit)
710 http cache get-intrinsic@https://registry.npmjs.org/get-intrinsic/-/get-intrinsic-1.3.0.tgz 0ms (cache hit)
711 http cache call-bind-apply-helpers@https://registry.npmjs.org/call-bind-apply-helpers/-/call-bind-apply-helpers-1.0.2.tgz 0ms (cache hit)
712 http cache side-channel-weakmap@https://registry.npmjs.org/side-channel-weakmap/-/side-channel-weakmap-1.0.2.tgz 0ms (cache hit)
713 http cache side-channel-map@https://registry.npmjs.org/side-channel-map/-/side-channel-map-1.0.1.tgz 0ms (cache hit)
714 http cache call-bound@https://registry.npmjs.org/call-bound/-/call-bound-1.0.4.tgz 0ms (cache hit)
715 http cache side-channel-list@https://registry.npmjs.org/side-channel-list/-/side-channel-list-1.0.1.tgz 0ms (cache hit)
716 http cache mime@https://registry.npmjs.org/mime/-/mime-1.6.0.tgz 0ms (cache hit)
717 http cache object-inspect@https://registry.npmjs.org/object-inspect/-/object-inspect-1.13.4.tgz 0ms (cache hit)
718 http cache es-errors@https://registry.npmjs.org/es-errors/-/es-errors-1.3.0.tgz 0ms (cache hit)
719 http cache side-channel@https://registry.npmjs.org/side-channel/-/side-channel-1.1.1.tgz 0ms (cache hit)
720 http cache es-define-property@https://registry.npmjs.org/es-define-property/-/es-define-property-1.0.1.tgz 0ms (cache hit)
721 http cache ipaddr.js@https://registry.npmjs.org/ipaddr.js/-/ipaddr.js-1.9.1.tgz 0ms (cache hit)
722 http cache forwarded@https://registry.npmjs.org/forwarded/-/forwarded-0.2.0.tgz 0ms (cache hit)
723 http cache ee-first@https://registry.npmjs.org/ee-first/-/ee-first-1.1.1.tgz 1ms (cache hit)
724 http cache balanced-match@https://registry.npmjs.org/balanced-match/-/balanced-match-4.0.4.tgz 0ms (cache hit)
725 http cache brace-expansion@https://registry.npmjs.org/brace-expansion/-/brace-expansion-5.0.9.tgz 0ms (cache hit)
726 http cache binary-extensions@https://registry.npmjs.org/binary-extensions/-/binary-extensions-2.3.0.tgz 0ms (cache hit)
727 http cache is-extglob@https://registry.npmjs.org/is-extglob/-/is-extglob-2.1.1.tgz 0ms (cache hit)
728 http cache to-regex-range@https://registry.npmjs.org/to-regex-range/-/to-regex-range-5.0.1.tgz 0ms (cache hit)
729 http cache normalize-path@https://registry.npmjs.org/normalize-path/-/normalize-path-3.0.0.tgz 0ms (cache hit)
730 http cache picomatch@https://registry.npmjs.org/picomatch/-/picomatch-2.3.2.tgz 0ms (cache hit)
731 http cache fill-range@https://registry.npmjs.org/fill-range/-/fill-range-7.1.1.tgz 0ms (cache hit)
732 http cache readdirp@https://registry.npmjs.org/readdirp/-/readdirp-3.6.0.tgz 0ms (cache hit)
733 http cache is-glob@https://registry.npmjs.org/is-glob/-/is-glob-4.0.3.tgz 0ms (cache hit)
734 http cache is-binary-path@https://registry.npmjs.org/is-binary-path/-/is-binary-path-2.1.0.tgz 0ms (cache hit)
735 http cache braces@https://registry.npmjs.org/braces/-/braces-3.0.3.tgz 0ms (cache hit)
736 http cache anymatch@https://registry.npmjs.org/anymatch/-/anymatch-3.1.3.tgz 0ms (cache hit)
737 http cache glob-parent@https://registry.npmjs.org/glob-parent/-/glob-parent-5.1.2.tgz 0ms (cache hit)
738 http cache undefsafe@https://registry.npmjs.org/undefsafe/-/undefsafe-2.0.5.tgz 1ms (cache hit)
739 http cache supports-color@https://registry.npmjs.org/supports-color/-/supports-color-5.5.0.tgz 0ms (cache hit)
740 http cache simple-update-notifier@https://registry.npmjs.org/simple-update-notifier/-/simple-update-notifier-2.0.0.tgz 0ms (cache hit)
741 http cache minimatch@https://registry.npmjs.org/minimatch/-/minimatch-10.2.6.tgz 0ms (cache hit)
742 http cache touch@https://registry.npmjs.org/touch/-/touch-3.1.1.tgz 0ms (cache hit)
743 http cache semver@https://registry.npmjs.org/semver/-/semver-7.8.5.tgz 0ms (cache hit)
744 http cache pstree.remy@https://registry.npmjs.org/pstree.remy/-/pstree.remy-1.1.8.tgz 0ms (cache hit)
745 http cache ignore-by-default@https://registry.npmjs.org/ignore-by-default/-/ignore-by-default-1.0.1.tgz 0ms (cache hit)
746 http cache @types/webidl-conversions@https://registry.npmjs.org/@types/webidl-conversions/-/webidl-conversions-7.0.3.tgz 0ms (cache hit)
747 http cache chokidar@https://registry.npmjs.org/chokidar/-/chokidar-3.6.0.tgz 0ms (cache hit)
748 http cache @types/whatwg-url@https://registry.npmjs.org/@types/whatwg-url/-/whatwg-url-11.0.5.tgz 0ms (cache hit)
749 http cache whatwg-url@https://registry.npmjs.org/whatwg-url/-/whatwg-url-14.2.0.tgz 0ms (cache hit)
750 http cache @mongodb-js/saslprep@https://registry.npmjs.org/@mongodb-js/saslprep/-/saslprep-1.5.0.tgz 0ms (cache hit)
751 http cache mongodb-connection-string-url@https://registry.npmjs.org/mongodb-connection-string-url/-/mongodb-connection-string-url-3.0.2.tgz 0ms (cache hit)
752 http cache sparse-bitfield@https://registry.npmjs.org/sparse-bitfield/-/sparse-bitfield-3.0.3.tgz 0ms (cache hit)
753 http cache sift@https://registry.npmjs.org/sift/-/sift-17.1.3.tgz 0ms (cache hit)
754 http cache mquery@https://registry.npmjs.org/mquery/-/mquery-5.0.0.tgz 0ms (cache hit)
755 http cache mongodb@https://registry.npmjs.org/mongodb/-/mongodb-6.20.0.tgz 0ms (cache hit)
756 http cache mpath@https://registry.npmjs.org/mpath/-/mpath-0.9.0.tgz 0ms (cache hit)
757 http cache kareem@https://registry.npmjs.org/kareem/-/kareem-2.6.3.tgz 0ms (cache hit)
758 http cache bson@https://registry.npmjs.org/bson/-/bson-6.10.4.tgz 0ms (cache hit)
759 http cache safer-buffer@https://registry.npmjs.org/safer-buffer/-/safer-buffer-2.1.2.tgz 0ms (cache hit)
760 http cache toidentifier@https://registry.npmjs.org/toidentifier/-/toidentifier-1.0.1.tgz 0ms (cache hit)
761 http cache inherits@https://registry.npmjs.org/inherits/-/inherits-2.0.4.tgz 0ms (cache hit)
762 http cache mime-db@https://registry.npmjs.org/mime-db/-/mime-db-1.52.0.tgz 0ms (cache hit)
763 http cache ms@https://registry.npmjs.org/ms/-/ms-2.0.0.tgz 0ms (cache hit)
764 http cache unpipe@https://registry.npmjs.org/unpipe/-/unpipe-1.0.0.tgz 0ms (cache hit)
765 http cache raw-body@https://registry.npmjs.org/raw-body/-/raw-body-2.5.3.tgz 0ms (cache hit)
766 http cache iconv-lite@https://registry.npmjs.org/iconv-lite/-/iconv-lite-0.4.24.tgz 0ms (cache hit)
767 http cache bytes@https://registry.npmjs.org/bytes/-/bytes-3.1.2.tgz 0ms (cache hit)
768 http cache destroy@https://registry.npmjs.org/destroy/-/destroy-1.2.0.tgz 0ms (cache hit)
769 http cache mime-types@https://registry.npmjs.org/mime-types/-/mime-types-2.1.35.tgz 0ms (cache hit)
770 http cache negotiator@https://registry.npmjs.org/negotiator/-/negotiator-0.6.3.tgz 0ms (cache hit)
771 http cache utils-merge@https://registry.npmjs.org/utils-merge/-/utils-merge-1.0.1.tgz 0ms (cache hit)
772 http cache type-is@https://registry.npmjs.org/type-is/-/type-is-1.6.18.tgz 0ms (cache hit)
773 http cache statuses@https://registry.npmjs.org/statuses/-/statuses-2.0.2.tgz 0ms (cache hit)
774 http cache setprototypeof@https://registry.npmjs.org/setprototypeof/-/setprototypeof-1.2.0.tgz 0ms (cache hit)
775 http cache safe-buffer@https://registry.npmjs.org/safe-buffer/-/safe-buffer-5.2.1.tgz 0ms (cache hit)
776 http cache range-parser@https://registry.npmjs.org/range-parser/-/range-parser-1.2.1.tgz 0ms (cache hit)
777 http cache serve-static@https://registry.npmjs.org/serve-static/-/serve-static-1.16.3.tgz 0ms (cache hit)
778 http cache qs@https://registry.npmjs.org/qs/-/qs-6.15.3.tgz 0ms (cache hit)
779 http cache proxy-addr@https://registry.npmjs.org/proxy-addr/-/proxy-addr-2.0.7.tgz 0ms (cache hit)
780 http cache send@https://registry.npmjs.org/send/-/send-0.19.2.tgz 0ms (cache hit)
781 http cache parseurl@https://registry.npmjs.org/parseurl/-/parseurl-1.3.3.tgz 0ms (cache hit)
782 http cache on-finished@https://registry.npmjs.org/on-finished/-/on-finished-2.4.1.tgz 1ms (cache hit)
783 http cache path-to-regexp@https://registry.npmjs.org/path-to-regexp/-/path-to-regexp-0.1.13.tgz 0ms (cache hit)
784 http cache methods@https://registry.npmjs.org/methods/-/methods-1.1.2.tgz 0ms (cache hit)
785 http cache fresh@https://registry.npmjs.org/fresh/-/fresh-0.5.2.tgz 0ms (cache hit)
786 http cache merge-descriptors@https://registry.npmjs.org/merge-descriptors/-/merge-descriptors-1.0.3.tgz 0ms (cache hit)
787 http cache etag@https://registry.npmjs.org/etag/-/etag-1.8.1.tgz 0ms (cache hit)
788 http cache finalhandler@https://registry.npmjs.org/finalhandler/-/finalhandler-1.3.2.tgz 0ms (cache hit)
789 http cache escape-html@https://registry.npmjs.org/escape-html/-/escape-html-1.0.3.tgz 0ms (cache hit)
790 http cache http-errors@https://registry.npmjs.org/http-errors/-/http-errors-2.0.1.tgz 0ms (cache hit)
791 http cache cookie-signature@https://registry.npmjs.org/cookie-signature/-/cookie-signature-1.0.7.tgz 0ms (cache hit)
792 http cache debug@https://registry.npmjs.org/debug/-/debug-2.6.9.tgz 0ms (cache hit)
793 http cache encodeurl@https://registry.npmjs.org/encodeurl/-/encodeurl-2.0.0.tgz 0ms (cache hit)
794 http cache depd@https://registry.npmjs.org/depd/-/depd-2.0.0.tgz 0ms (cache hit)
795 http cache cookie@https://registry.npmjs.org/cookie/-/cookie-0.7.2.tgz 0ms (cache hit)
796 http cache content-type@https://registry.npmjs.org/content-type/-/content-type-1.0.5.tgz 0ms (cache hit)
797 http cache content-disposition@https://registry.npmjs.org/content-disposition/-/content-disposition-0.5.4.tgz 0ms (cache hit)
798 http cache body-parser@https://registry.npmjs.org/body-parser/-/body-parser-1.20.6.tgz 0ms (cache hit)
799 http cache array-flatten@https://registry.npmjs.org/array-flatten/-/array-flatten-1.1.1.tgz 0ms (cache hit)
800 http cache accepts@https://registry.npmjs.org/accepts/-/accepts-1.3.8.tgz 0ms (cache hit)
801 http cache vary@https://registry.npmjs.org/vary/-/vary-1.1.2.tgz 0ms (cache hit)
802 http cache mongoose@https://registry.npmjs.org/mongoose/-/mongoose-8.24.4.tgz 0ms (cache hit)
803 http cache object-assign@https://registry.npmjs.org/object-assign/-/object-assign-4.1.1.tgz 0ms (cache hit)
804 http cache ms@https://registry.npmjs.org/ms/-/ms-2.1.3.tgz 0ms (cache hit)
805 http cache nodemon@https://registry.npmjs.org/nodemon/-/nodemon-3.1.14.tgz 0ms (cache hit)
806 http cache express@https://registry.npmjs.org/express/-/express-4.22.2.tgz 0ms (cache hit)
807 http cache debug@https://registry.npmjs.org/debug/-/debug-4.4.3.tgz 0ms (cache hit)
808 http cache ms@https://registry.npmjs.org/ms/-/ms-2.1.3.tgz 0ms (cache hit)
809 http cache ms@https://registry.npmjs.org/ms/-/ms-2.1.3.tgz 0ms (cache hit)
810 http cache debug@https://registry.npmjs.org/debug/-/debug-4.4.3.tgz 0ms (cache hit)
811 silly tarball no local data for punycode@https://registry.npmjs.org/punycode/-/punycode-2.3.1.tgz. Extracting by manifest.
812 silly tarball no local data for webidl-conversions@https://registry.npmjs.org/webidl-conversions/-/webidl-conversions-7.0.0.tgz. Extracting by manifest.
813 silly tarball no local data for media-typer@https://registry.npmjs.org/media-typer/-/media-typer-0.3.0.tgz. Extracting by manifest.
814 silly tarball no local data for tr46@https://registry.npmjs.org/tr46/-/tr46-5.1.1.tgz. Extracting by manifest.
815 silly tarball no local data for is-number@https://registry.npmjs.org/is-number/-/is-number-7.0.0.tgz. Extracting by manifest.
816 silly tarball no local data for dunder-proto@https://registry.npmjs.org/dunder-proto/-/dunder-proto-1.0.1.tgz. Extracting by manifest.
817 silly tarball no local data for has-flag@https://registry.npmjs.org/has-flag/-/has-flag-3.0.0.tgz. Extracting by manifest.
818 silly tarball no local data for memory-pager@https://registry.npmjs.org/memory-pager/-/memory-pager-1.5.0.tgz. Extracting by manifest.
819 silly tarball no local data for math-intrinsics@https://registry.npmjs.org/math-intrinsics/-/math-intrinsics-1.1.0.tgz. Extracting by manifest.
820 silly tarball no local data for has-symbols@https://registry.npmjs.org/has-symbols/-/has-symbols-1.1.0.tgz. Extracting by manifest.
821 silly tarball no local data for hasown@https://registry.npmjs.org/hasown/-/hasown-2.0.4.tgz. Extracting by manifest.
822 silly tarball no local data for get-proto@https://registry.npmjs.org/get-proto/-/get-proto-1.0.1.tgz. Extracting by manifest.
823 silly tarball no local data for gopd@https://registry.npmjs.org/gopd/-/gopd-1.2.0.tgz. Extracting by manifest.
824 silly tarball no local data for es-object-atoms@https://registry.npmjs.org/es-object-atoms/-/es-object-atoms-1.1.2.tgz. Extracting by manifest.
825 silly tarball no local data for function-bind@https://registry.npmjs.org/function-bind/-/function-bind-1.1.2.tgz. Extracting by manifest.
826 silly tarball no local data for get-intrinsic@https://registry.npmjs.org/get-intrinsic/-/get-intrinsic-1.3.0.tgz. Extracting by manifest.
827 silly tarball no local data for call-bind-apply-helpers@https://registry.npmjs.org/call-bind-apply-helpers/-/call-bind-apply-helpers-1.0.2.tgz. Extracting by manifest.
828 http cache ms@https://registry.npmjs.org/ms/-/ms-2.1.3.tgz 0ms (cache hit)
829 silly tarball no local data for side-channel-weakmap@https://registry.npmjs.org/side-channel-weakmap/-/side-channel-weakmap-1.0.2.tgz. Extracting by manifest.
830 silly tarball no local data for side-channel-map@https://registry.npmjs.org/side-channel-map/-/side-channel-map-1.0.1.tgz. Extracting by manifest.
831 silly tarball no local data for call-bound@https://registry.npmjs.org/call-bound/-/call-bound-1.0.4.tgz. Extracting by manifest.
832 silly tarball no local data for side-channel-list@https://registry.npmjs.org/side-channel-list/-/side-channel-list-1.0.1.tgz. Extracting by manifest.
833 silly tarball no local data for mime@https://registry.npmjs.org/mime/-/mime-1.6.0.tgz. Extracting by manifest.
834 silly tarball no local data for object-inspect@https://registry.npmjs.org/object-inspect/-/object-inspect-1.13.4.tgz. Extracting by manifest.
835 silly tarball no local data for es-errors@https://registry.npmjs.org/es-errors/-/es-errors-1.3.0.tgz. Extracting by manifest.
836 silly tarball no local data for side-channel@https://registry.npmjs.org/side-channel/-/side-channel-1.1.1.tgz. Extracting by manifest.
837 silly tarball no local data for es-define-property@https://registry.npmjs.org/es-define-property/-/es-define-property-1.0.1.tgz. Extracting by manifest.
838 silly tarball no local data for ipaddr.js@https://registry.npmjs.org/ipaddr.js/-/ipaddr.js-1.9.1.tgz. Extracting by manifest.
839 silly tarball no local data for forwarded@https://registry.npmjs.org/forwarded/-/forwarded-0.2.0.tgz. Extracting by manifest.
840 silly tarball no local data for ee-first@https://registry.npmjs.org/ee-first/-/ee-first-1.1.1.tgz. Extracting by manifest.
841 silly tarball no local data for balanced-match@https://registry.npmjs.org/balanced-match/-/balanced-match-4.0.4.tgz. Extracting by manifest.
842 silly tarball no local data for brace-expansion@https://registry.npmjs.org/brace-expansion/-/brace-expansion-5.0.9.tgz. Extracting by manifest.
843 silly tarball no local data for binary-extensions@https://registry.npmjs.org/binary-extensions/-/binary-extensions-2.3.0.tgz. Extracting by manifest.
844 silly tarball no local data for is-extglob@https://registry.npmjs.org/is-extglob/-/is-extglob-2.1.1.tgz. Extracting by manifest.
845 silly tarball no local data for to-regex-range@https://registry.npmjs.org/to-regex-range/-/to-regex-range-5.0.1.tgz. Extracting by manifest.
846 silly tarball no local data for normalize-path@https://registry.npmjs.org/normalize-path/-/normalize-path-3.0.0.tgz. Extracting by manifest.
847 silly tarball no local data for picomatch@https://registry.npmjs.org/picomatch/-/picomatch-2.3.2.tgz. Extracting by manifest.
848 silly tarball no local data for fill-range@https://registry.npmjs.org/fill-range/-/fill-range-7.1.1.tgz. Extracting by manifest.
849 silly tarball no local data for readdirp@https://registry.npmjs.org/readdirp/-/readdirp-3.6.0.tgz. Extracting by manifest.
850 silly tarball no local data for is-glob@https://registry.npmjs.org/is-glob/-/is-glob-4.0.3.tgz. Extracting by manifest.
851 silly tarball no local data for is-binary-path@https://registry.npmjs.org/is-binary-path/-/is-binary-path-2.1.0.tgz. Extracting by manifest.
852 silly tarball no local data for braces@https://registry.npmjs.org/braces/-/braces-3.0.3.tgz. Extracting by manifest.
853 silly tarball no local data for anymatch@https://registry.npmjs.org/anymatch/-/anymatch-3.1.3.tgz. Extracting by manifest.
854 silly tarball no local data for glob-parent@https://registry.npmjs.org/glob-parent/-/glob-parent-5.1.2.tgz. Extracting by manifest.
855 silly tarball no local data for undefsafe@https://registry.npmjs.org/undefsafe/-/undefsafe-2.0.5.tgz. Extracting by manifest.
856 silly tarball no local data for supports-color@https://registry.npmjs.org/supports-color/-/supports-color-5.5.0.tgz. Extracting by manifest.
857 http cache dotenv@https://registry.npmjs.org/dotenv/-/dotenv-16.6.1.tgz 0ms (cache hit)
858 http cache cors@https://registry.npmjs.org/cors/-/cors-2.8.6.tgz 0ms (cache hit)
859 silly tarball no local data for simple-update-notifier@https://registry.npmjs.org/simple-update-notifier/-/simple-update-notifier-2.0.0.tgz. Extracting by manifest.
860 silly tarball no local data for minimatch@https://registry.npmjs.org/minimatch/-/minimatch-10.2.6.tgz. Extracting by manifest.
861 silly tarball no local data for touch@https://registry.npmjs.org/touch/-/touch-3.1.1.tgz. Extracting by manifest.
862 silly tarball no local data for semver@https://registry.npmjs.org/semver/-/semver-7.8.5.tgz. Extracting by manifest.
863 silly tarball no local data for pstree.remy@https://registry.npmjs.org/pstree.remy/-/pstree.remy-1.1.8.tgz. Extracting by manifest.
864 silly tarball no local data for ignore-by-default@https://registry.npmjs.org/ignore-by-default/-/ignore-by-default-1.0.1.tgz. Extracting by manifest.
865 silly tarball no local data for @types/webidl-conversions@https://registry.npmjs.org/@types/webidl-conversions/-/webidl-conversions-7.0.3.tgz. Extracting by manifest.
866 silly tarball no local data for chokidar@https://registry.npmjs.org/chokidar/-/chokidar-3.6.0.tgz. Extracting by manifest.
867 silly tarball no local data for @types/whatwg-url@https://registry.npmjs.org/@types/whatwg-url/-/whatwg-url-11.0.5.tgz. Extracting by manifest.
868 silly tarball no local data for whatwg-url@https://registry.npmjs.org/whatwg-url/-/whatwg-url-14.2.0.tgz. Extracting by manifest.
869 silly tarball no local data for @mongodb-js/saslprep@https://registry.npmjs.org/@mongodb-js/saslprep/-/saslprep-1.5.0.tgz. Extracting by manifest.
870 silly tarball no local data for mongodb-connection-string-url@https://registry.npmjs.org/mongodb-connection-string-url/-/mongodb-connection-string-url-3.0.2.tgz. Extracting by manifest.
871 silly tarball no local data for sparse-bitfield@https://registry.npmjs.org/sparse-bitfield/-/sparse-bitfield-3.0.3.tgz. Extracting by manifest.
872 silly tarball no local data for sift@https://registry.npmjs.org/sift/-/sift-17.1.3.tgz. Extracting by manifest.
873 silly tarball no local data for mquery@https://registry.npmjs.org/mquery/-/mquery-5.0.0.tgz. Extracting by manifest.
874 silly tarball no local data for mongodb@https://registry.npmjs.org/mongodb/-/mongodb-6.20.0.tgz. Extracting by manifest.
875 silly tarball no local data for mpath@https://registry.npmjs.org/mpath/-/mpath-0.9.0.tgz. Extracting by manifest.
876 silly tarball no local data for kareem@https://registry.npmjs.org/kareem/-/kareem-2.6.3.tgz. Extracting by manifest.
877 silly tarball no local data for bson@https://registry.npmjs.org/bson/-/bson-6.10.4.tgz. Extracting by manifest.
878 silly tarball no local data for safer-buffer@https://registry.npmjs.org/safer-buffer/-/safer-buffer-2.1.2.tgz. Extracting by manifest.
879 silly tarball no local data for toidentifier@https://registry.npmjs.org/toidentifier/-/toidentifier-1.0.1.tgz. Extracting by manifest.
880 silly tarball no local data for inherits@https://registry.npmjs.org/inherits/-/inherits-2.0.4.tgz. Extracting by manifest.
881 silly tarball no local data for mime-db@https://registry.npmjs.org/mime-db/-/mime-db-1.52.0.tgz. Extracting by manifest.
882 silly tarball no local data for ms@https://registry.npmjs.org/ms/-/ms-2.0.0.tgz. Extracting by manifest.
883 silly tarball no local data for unpipe@https://registry.npmjs.org/unpipe/-/unpipe-1.0.0.tgz. Extracting by manifest.
884 silly tarball no local data for raw-body@https://registry.npmjs.org/raw-body/-/raw-body-2.5.3.tgz. Extracting by manifest.
885 silly tarball no local data for iconv-lite@https://registry.npmjs.org/iconv-lite/-/iconv-lite-0.4.24.tgz. Extracting by manifest.
886 silly tarball no local data for bytes@https://registry.npmjs.org/bytes/-/bytes-3.1.2.tgz. Extracting by manifest.
887 silly tarball no local data for destroy@https://registry.npmjs.org/destroy/-/destroy-1.2.0.tgz. Extracting by manifest.
888 silly tarball no local data for mime-types@https://registry.npmjs.org/mime-types/-/mime-types-2.1.35.tgz. Extracting by manifest.
889 silly tarball no local data for negotiator@https://registry.npmjs.org/negotiator/-/negotiator-0.6.3.tgz. Extracting by manifest.
890 silly tarball no local data for utils-merge@https://registry.npmjs.org/utils-merge/-/utils-merge-1.0.1.tgz. Extracting by manifest.
891 silly tarball no local data for type-is@https://registry.npmjs.org/type-is/-/type-is-1.6.18.tgz. Extracting by manifest.
892 silly tarball no local data for statuses@https://registry.npmjs.org/statuses/-/statuses-2.0.2.tgz. Extracting by manifest.
893 silly tarball no local data for setprototypeof@https://registry.npmjs.org/setprototypeof/-/setprototypeof-1.2.0.tgz. Extracting by manifest.
894 silly tarball no local data for safe-buffer@https://registry.npmjs.org/safe-buffer/-/safe-buffer-5.2.1.tgz. Extracting by manifest.
895 silly tarball no local data for range-parser@https://registry.npmjs.org/range-parser/-/range-parser-1.2.1.tgz. Extracting by manifest.
896 silly tarball no local data for serve-static@https://registry.npmjs.org/serve-static/-/serve-static-1.16.3.tgz. Extracting by manifest.
897 silly tarball no local data for qs@https://registry.npmjs.org/qs/-/qs-6.15.3.tgz. Extracting by manifest.
898 silly tarball no local data for proxy-addr@https://registry.npmjs.org/proxy-addr/-/proxy-addr-2.0.7.tgz. Extracting by manifest.
899 silly tarball no local data for send@https://registry.npmjs.org/send/-/send-0.19.2.tgz. Extracting by manifest.
900 silly tarball no local data for parseurl@https://registry.npmjs.org/parseurl/-/parseurl-1.3.3.tgz. Extracting by manifest.
901 silly tarball no local data for on-finished@https://registry.npmjs.org/on-finished/-/on-finished-2.4.1.tgz. Extracting by manifest.
902 silly tarball no local data for path-to-regexp@https://registry.npmjs.org/path-to-regexp/-/path-to-regexp-0.1.13.tgz. Extracting by manifest.
903 silly tarball no local data for methods@https://registry.npmjs.org/methods/-/methods-1.1.2.tgz. Extracting by manifest.
904 silly tarball no local data for fresh@https://registry.npmjs.org/fresh/-/fresh-0.5.2.tgz. Extracting by manifest.
905 silly tarball no local data for merge-descriptors@https://registry.npmjs.org/merge-descriptors/-/merge-descriptors-1.0.3.tgz. Extracting by manifest.
906 silly tarball no local data for etag@https://registry.npmjs.org/etag/-/etag-1.8.1.tgz. Extracting by manifest.
907 silly tarball no local data for finalhandler@https://registry.npmjs.org/finalhandler/-/finalhandler-1.3.2.tgz. Extracting by manifest.
908 silly tarball no local data for escape-html@https://registry.npmjs.org/escape-html/-/escape-html-1.0.3.tgz. Extracting by manifest.
909 silly tarball no local data for http-errors@https://registry.npmjs.org/http-errors/-/http-errors-2.0.1.tgz. Extracting by manifest.
910 silly tarball no local data for cookie-signature@https://registry.npmjs.org/cookie-signature/-/cookie-signature-1.0.7.tgz. Extracting by manifest.
911 silly tarball no local data for debug@https://registry.npmjs.org/debug/-/debug-2.6.9.tgz. Extracting by manifest.
912 silly tarball no local data for encodeurl@https://registry.npmjs.org/encodeurl/-/encodeurl-2.0.0.tgz. Extracting by manifest.
913 silly tarball no local data for depd@https://registry.npmjs.org/depd/-/depd-2.0.0.tgz. Extracting by manifest.
914 silly tarball no local data for cookie@https://registry.npmjs.org/cookie/-/cookie-0.7.2.tgz. Extracting by manifest.
915 silly tarball no local data for content-type@https://registry.npmjs.org/content-type/-/content-type-1.0.5.tgz. Extracting by manifest.
916 silly tarball no local data for content-disposition@https://registry.npmjs.org/content-disposition/-/content-disposition-0.5.4.tgz. Extracting by manifest.
917 silly tarball no local data for body-parser@https://registry.npmjs.org/body-parser/-/body-parser-1.20.6.tgz. Extracting by manifest.
918 silly tarball no local data for array-flatten@https://registry.npmjs.org/array-flatten/-/array-flatten-1.1.1.tgz. Extracting by manifest.
919 silly tarball no local data for accepts@https://registry.npmjs.org/accepts/-/accepts-1.3.8.tgz. Extracting by manifest.
920 silly tarball no local data for vary@https://registry.npmjs.org/vary/-/vary-1.1.2.tgz. Extracting by manifest.
921 silly tarball no local data for object-assign@https://registry.npmjs.org/object-assign/-/object-assign-4.1.1.tgz. Extracting by manifest.
922 silly tarball no local data for mongoose@https://registry.npmjs.org/mongoose/-/mongoose-8.24.4.tgz. Extracting by manifest.
923 silly tarball no local data for ms@https://registry.npmjs.org/ms/-/ms-2.1.3.tgz. Extracting by manifest.
924 silly tarball no local data for nodemon@https://registry.npmjs.org/nodemon/-/nodemon-3.1.14.tgz. Extracting by manifest.
925 silly tarball no local data for express@https://registry.npmjs.org/express/-/express-4.22.2.tgz. Extracting by manifest.
926 silly tarball no local data for debug@https://registry.npmjs.org/debug/-/debug-4.4.3.tgz. Extracting by manifest.
927 silly tarball no local data for ms@https://registry.npmjs.org/ms/-/ms-2.1.3.tgz. Extracting by manifest.
928 silly tarball no local data for ms@https://registry.npmjs.org/ms/-/ms-2.1.3.tgz. Extracting by manifest.
929 silly tarball no local data for debug@https://registry.npmjs.org/debug/-/debug-4.4.3.tgz. Extracting by manifest.
930 silly tarball no local data for ms@https://registry.npmjs.org/ms/-/ms-2.1.3.tgz. Extracting by manifest.
931 silly tarball no local data for dotenv@https://registry.npmjs.org/dotenv/-/dotenv-16.6.1.tgz. Extracting by manifest.
932 silly tarball no local data for cors@https://registry.npmjs.org/cors/-/cors-2.8.6.tgz. Extracting by manifest.
933 http fetch POST 200 https://registry.npmjs.org/-/npm/v1/security/advisories/bulk 497ms
934 silly audit report {}
935 http fetch GET 200 https://registry.npmjs.org/dunder-proto/-/dunder-proto-1.0.1.tgz 875ms (cache miss)
936 http fetch GET 200 https://registry.npmjs.org/has-symbols/-/has-symbols-1.1.0.tgz 912ms (cache miss)
937 http fetch GET 200 https://registry.npmjs.org/webidl-conversions/-/webidl-conversions-7.0.0.tgz 964ms (cache miss)
938 http fetch GET 200 https://registry.npmjs.org/is-number/-/is-number-7.0.0.tgz 963ms (cache miss)
939 http fetch GET 200 https://registry.npmjs.org/memory-pager/-/memory-pager-1.5.0.tgz 969ms (cache miss)
940 http fetch GET 200 https://registry.npmjs.org/has-flag/-/has-flag-3.0.0.tgz 971ms (cache miss)
941 http fetch GET 200 https://registry.npmjs.org/media-typer/-/media-typer-0.3.0.tgz 1070ms (cache miss)
942 http fetch GET 200 https://registry.npmjs.org/math-intrinsics/-/math-intrinsics-1.1.0.tgz 1182ms (cache miss)
943 http fetch GET 200 https://registry.npmjs.org/get-intrinsic/-/get-intrinsic-1.3.0.tgz 1277ms (cache miss)
944 http fetch GET 200 https://registry.npmjs.org/side-channel-weakmap/-/side-channel-weakmap-1.0.2.tgz 1278ms (cache miss)
945 http fetch GET 200 https://registry.npmjs.org/side-channel-list/-/side-channel-list-1.0.1.tgz 1274ms (cache miss)
946 http fetch GET 200 https://registry.npmjs.org/es-errors/-/es-errors-1.3.0.tgz 1274ms (cache miss)
947 http fetch GET 200 https://registry.npmjs.org/punycode/-/punycode-2.3.1.tgz 1370ms (cache miss)
948 http fetch GET 200 https://registry.npmjs.org/call-bound/-/call-bound-1.0.4.tgz 1356ms (cache miss)
949 http fetch GET 200 https://registry.npmjs.org/forwarded/-/forwarded-0.2.0.tgz 1356ms (cache miss)
950 http fetch GET 200 https://registry.npmjs.org/ee-first/-/ee-first-1.1.1.tgz 1360ms (cache miss)
951 http fetch GET 200 https://registry.npmjs.org/balanced-match/-/balanced-match-4.0.4.tgz 1361ms (cache miss)
952 http fetch GET 200 https://registry.npmjs.org/side-channel-map/-/side-channel-map-1.0.1.tgz 1445ms (cache miss)
953 http fetch GET 200 https://registry.npmjs.org/binary-extensions/-/binary-extensions-2.3.0.tgz 1439ms (cache miss)
954 http fetch GET 200 https://registry.npmjs.org/is-extglob/-/is-extglob-2.1.1.tgz 1440ms (cache miss)
955 http fetch GET 200 https://registry.npmjs.org/call-bind-apply-helpers/-/call-bind-apply-helpers-1.0.2.tgz 1542ms (cache miss)
956 http fetch GET 200 https://registry.npmjs.org/to-regex-range/-/to-regex-range-5.0.1.tgz 1528ms (cache miss)
957 http fetch GET 200 https://registry.npmjs.org/brace-expansion/-/brace-expansion-5.0.9.tgz 1533ms (cache miss)
958 http fetch GET 200 https://registry.npmjs.org/normalize-path/-/normalize-path-3.0.0.tgz 1678ms (cache miss)
959 http fetch GET 200 https://registry.npmjs.org/anymatch/-/anymatch-3.1.3.tgz 1692ms (cache miss)
960 http fetch GET 200 https://registry.npmjs.org/glob-parent/-/glob-parent-5.1.2.tgz 1700ms (cache miss)
961 http fetch GET 200 https://registry.npmjs.org/is-binary-path/-/is-binary-path-2.1.0.tgz 1763ms (cache miss)
962 http fetch GET 200 https://registry.npmjs.org/undefsafe/-/undefsafe-2.0.5.tgz 1765ms (cache miss)
963 http fetch GET 200 https://registry.npmjs.org/readdirp/-/readdirp-3.6.0.tgz 1853ms (cache miss)
964 http fetch GET 200 https://registry.npmjs.org/supports-color/-/supports-color-5.5.0.tgz 1849ms (cache miss)
965 http fetch GET 200 https://registry.npmjs.org/fill-range/-/fill-range-7.1.1.tgz 1893ms (cache miss)
966 http fetch GET 200 https://registry.npmjs.org/is-glob/-/is-glob-4.0.3.tgz 1895ms (cache miss)
967 http fetch GET 200 https://registry.npmjs.org/ipaddr.js/-/ipaddr.js-1.9.1.tgz 1933ms (cache miss)
968 http fetch GET 200 https://registry.npmjs.org/touch/-/touch-3.1.1.tgz 1951ms (cache miss)
969 http fetch GET 200 https://registry.npmjs.org/pstree.remy/-/pstree.remy-1.1.8.tgz 1981ms (cache miss)
970 http fetch GET 200 https://registry.npmjs.org/ignore-by-default/-/ignore-by-default-1.0.1.tgz 1983ms (cache miss)
971 http fetch GET 200 https://registry.npmjs.org/ms/-/ms-2.0.0.tgz 1993ms (cache miss)
972 http fetch GET 200 https://registry.npmjs.org/sparse-bitfield/-/sparse-bitfield-3.0.3.tgz 2030ms (cache miss)
973 http fetch GET 200 https://registry.npmjs.org/safer-buffer/-/safer-buffer-2.1.2.tgz 2029ms (cache miss)
974 http fetch GET 200 https://registry.npmjs.org/raw-body/-/raw-body-2.5.3.tgz 2057ms (cache miss)
975 http fetch GET 200 https://registry.npmjs.org/unpipe/-/unpipe-1.0.0.tgz 2057ms (cache miss)
976 http fetch GET 200 https://registry.npmjs.org/mime-types/-/mime-types-2.1.35.tgz 2060ms (cache miss)
977 http fetch GET 200 https://registry.npmjs.org/@types/webidl-conversions/-/webidl-conversions-7.0.3.tgz 2116ms (cache miss)
978 http fetch GET 200 https://registry.npmjs.org/toidentifier/-/toidentifier-1.0.1.tgz 2095ms (cache miss)
979 http fetch GET 200 https://registry.npmjs.org/parseurl/-/parseurl-1.3.3.tgz 2079ms (cache miss)
980 http fetch GET 200 https://registry.npmjs.org/serve-static/-/serve-static-1.16.3.tgz 2084ms (cache miss)
981 http fetch GET 200 https://registry.npmjs.org/destroy/-/destroy-1.2.0.tgz 2110ms (cache miss)
982 http fetch GET 200 https://registry.npmjs.org/inherits/-/inherits-2.0.4.tgz 2158ms (cache miss)
983 http fetch GET 200 https://registry.npmjs.org/bytes/-/bytes-3.1.2.tgz 2155ms (cache miss)
984 http fetch GET 200 https://registry.npmjs.org/utils-merge/-/utils-merge-1.0.1.tgz 2153ms (cache miss)
985 http fetch GET 200 https://registry.npmjs.org/setprototypeof/-/setprototypeof-1.2.0.tgz 2157ms (cache miss)
986 http fetch GET 200 https://registry.npmjs.org/cookie-signature/-/cookie-signature-1.0.7.tgz 2141ms (cache miss)
987 http fetch GET 200 https://registry.npmjs.org/merge-descriptors/-/merge-descriptors-1.0.3.tgz 2154ms (cache miss)
988 http fetch GET 200 https://registry.npmjs.org/http-errors/-/http-errors-2.0.1.tgz 2152ms (cache miss)
989 http fetch GET 200 https://registry.npmjs.org/range-parser/-/range-parser-1.2.1.tgz 2201ms (cache miss)
990 http fetch GET 200 https://registry.npmjs.org/encodeurl/-/encodeurl-2.0.0.tgz 2204ms (cache miss)
991 http fetch GET 200 https://registry.npmjs.org/on-finished/-/on-finished-2.4.1.tgz 2215ms (cache miss)
992 http fetch GET 200 https://registry.npmjs.org/type-is/-/type-is-1.6.18.tgz 2255ms (cache miss)
993 http fetch GET 200 https://registry.npmjs.org/path-to-regexp/-/path-to-regexp-0.1.13.tgz 2243ms (cache miss)
994 http fetch GET 200 https://registry.npmjs.org/etag/-/etag-1.8.1.tgz 2239ms (cache miss)
995 http fetch GET 200 https://registry.npmjs.org/object-assign/-/object-assign-4.1.1.tgz 2236ms (cache miss)
996 http fetch GET 200 https://registry.npmjs.org/safe-buffer/-/safe-buffer-5.2.1.tgz 2287ms (cache miss)
997 http fetch GET 200 https://registry.npmjs.org/content-disposition/-/content-disposition-0.5.4.tgz 2271ms (cache miss)
998 http fetch GET 200 https://registry.npmjs.org/debug/-/debug-4.4.3.tgz 2270ms (cache miss)
999 http fetch GET 200 https://registry.npmjs.org/fresh/-/fresh-0.5.2.tgz 2301ms (cache miss)
1000 http fetch GET 200 https://registry.npmjs.org/escape-html/-/escape-html-1.0.3.tgz 2307ms (cache miss)
1001 http fetch GET 200 https://registry.npmjs.org/ms/-/ms-2.1.3.tgz 2302ms (cache miss)
1002 http fetch GET 200 https://registry.npmjs.org/tr46/-/tr46-5.1.1.tgz 2409ms (cache miss)
1003 http fetch GET 200 https://registry.npmjs.org/finalhandler/-/finalhandler-1.3.2.tgz 2333ms (cache miss)
1004 http fetch GET 200 https://registry.npmjs.org/methods/-/methods-1.1.2.tgz 2338ms (cache miss)
1005 http fetch GET 200 https://registry.npmjs.org/statuses/-/statuses-2.0.2.tgz 2366ms (cache miss)
1006 http fetch GET 200 https://registry.npmjs.org/ms/-/ms-2.1.3.tgz 2306ms (cache miss)
1007 http fetch GET 200 https://registry.npmjs.org/ms/-/ms-2.1.3.tgz 2339ms (cache miss)
1008 http fetch GET 200 https://registry.npmjs.org/ms/-/ms-2.1.3.tgz 2338ms (cache miss)
1009 http fetch GET 200 https://registry.npmjs.org/vary/-/vary-1.1.2.tgz 2346ms (cache miss)
1010 http fetch GET 200 https://registry.npmjs.org/accepts/-/accepts-1.3.8.tgz 2349ms (cache miss)
1011 http fetch GET 200 https://registry.npmjs.org/cors/-/cors-2.8.6.tgz 2296ms (cache miss)
1012 http fetch GET 200 https://registry.npmjs.org/cookie/-/cookie-0.7.2.tgz 2368ms (cache miss)
1013 http fetch GET 200 https://registry.npmjs.org/debug/-/debug-4.4.3.tgz 2357ms (cache miss)
1014 http fetch GET 200 https://registry.npmjs.org/send/-/send-0.19.2.tgz 2393ms (cache miss)
1015 http fetch GET 200 https://registry.npmjs.org/content-type/-/content-type-1.0.5.tgz 2382ms (cache miss)
1016 http fetch GET 200 https://registry.npmjs.org/array-flatten/-/array-flatten-1.1.1.tgz 2382ms (cache miss)
1017 http fetch GET 200 https://registry.npmjs.org/mime/-/mime-1.6.0.tgz 2488ms (cache miss)
1018 http fetch GET 200 https://registry.npmjs.org/kareem/-/kareem-2.6.3.tgz 2452ms (cache miss)
1019 http fetch GET 200 https://registry.npmjs.org/picomatch/-/picomatch-2.3.2.tgz 2503ms (cache miss)
1020 http fetch GET 200 https://registry.npmjs.org/depd/-/depd-2.0.0.tgz 2439ms (cache miss)
1021 http fetch GET 200 https://registry.npmjs.org/es-define-property/-/es-define-property-1.0.1.tgz 2514ms (cache miss)
1022 http fetch GET 200 https://registry.npmjs.org/hasown/-/hasown-2.0.4.tgz 2531ms (cache miss)
1023 http fetch GET 200 https://registry.npmjs.org/braces/-/braces-3.0.3.tgz 2522ms (cache miss)
1024 http fetch GET 200 https://registry.npmjs.org/chokidar/-/chokidar-3.6.0.tgz 2512ms (cache miss)
1025 http fetch GET 200 https://registry.npmjs.org/proxy-addr/-/proxy-addr-2.0.7.tgz 2487ms (cache miss)
1026 http fetch GET 200 https://registry.npmjs.org/side-channel/-/side-channel-1.1.1.tgz 2574ms (cache miss)
1027 http fetch GET 200 https://registry.npmjs.org/function-bind/-/function-bind-1.1.2.tgz 2601ms (cache miss)
1028 http fetch GET 200 https://registry.npmjs.org/@types/whatwg-url/-/whatwg-url-11.0.5.tgz 2569ms (cache miss)
1029 http fetch GET 200 https://registry.npmjs.org/mongodb-connection-string-url/-/mongodb-connection-string-url-3.0.2.tgz 2577ms (cache miss)
1030 http fetch GET 200 https://registry.npmjs.org/mime-db/-/mime-db-1.52.0.tgz 2562ms (cache miss)
1031 http fetch GET 200 https://registry.npmjs.org/gopd/-/gopd-1.2.0.tgz 2661ms (cache miss)
1032 http fetch GET 200 https://registry.npmjs.org/negotiator/-/negotiator-0.6.3.tgz 2613ms (cache miss)
1033 http fetch GET 200 https://registry.npmjs.org/get-proto/-/get-proto-1.0.1.tgz 2755ms (cache miss)
1034 http fetch GET 200 https://registry.npmjs.org/body-parser/-/body-parser-1.20.6.tgz 2700ms (cache miss)
1035 http fetch GET 200 https://registry.npmjs.org/es-object-atoms/-/es-object-atoms-1.1.2.tgz 2790ms (cache miss)
1036 http fetch GET 200 https://registry.npmjs.org/mpath/-/mpath-0.9.0.tgz 2761ms (cache miss)
1037 http fetch GET 200 https://registry.npmjs.org/simple-update-notifier/-/simple-update-notifier-2.0.0.tgz 2805ms (cache miss)
1038 http fetch GET 200 https://registry.npmjs.org/mquery/-/mquery-5.0.0.tgz 2832ms (cache miss)
1039 http fetch GET 200 https://registry.npmjs.org/whatwg-url/-/whatwg-url-14.2.0.tgz 2882ms (cache miss)
1040 http fetch GET 200 https://registry.npmjs.org/dotenv/-/dotenv-16.6.1.tgz 2785ms (cache miss)
1041 http fetch GET 200 https://registry.npmjs.org/debug/-/debug-2.6.9.tgz 2850ms (cache miss)
1042 http fetch GET 200 https://registry.npmjs.org/express/-/express-4.22.2.tgz 2901ms (cache miss)
1043 http fetch GET 200 https://registry.npmjs.org/qs/-/qs-6.15.3.tgz 2962ms (cache miss)
1044 http fetch GET 200 https://registry.npmjs.org/sift/-/sift-17.1.3.tgz 3013ms (cache miss)
1045 http fetch GET 200 https://registry.npmjs.org/object-inspect/-/object-inspect-1.13.4.tgz 3115ms (cache miss)
1046 http fetch GET 200 https://registry.npmjs.org/iconv-lite/-/iconv-lite-0.4.24.tgz 3092ms (cache miss)
1047 http fetch GET 200 https://registry.npmjs.org/@mongodb-js/saslprep/-/saslprep-1.5.0.tgz 3241ms (cache miss)
1048 http fetch GET 200 https://registry.npmjs.org/nodemon/-/nodemon-3.1.14.tgz 3193ms (cache miss)
1049 http fetch GET 200 https://registry.npmjs.org/semver/-/semver-7.8.5.tgz 3318ms (cache miss)
1050 http fetch GET 200 https://registry.npmjs.org/minimatch/-/minimatch-10.2.6.tgz 3349ms (cache miss)
1051 http fetch GET 200 https://registry.npmjs.org/bson/-/bson-6.10.4.tgz 3598ms (cache miss)
1052 http fetch GET 200 https://registry.npmjs.org/mongoose/-/mongoose-8.24.4.tgz 4443ms (cache miss)
1053 http fetch GET 200 https://registry.npmjs.org/mongodb/-/mongodb-6.20.0.tgz 4827ms (cache miss)
1054 silly ADD node_modules/punycode
1055 silly ADD node_modules/webidl-conversions
1056 silly ADD node_modules/tr46
1057 silly ADD node_modules/media-typer
1058 silly ADD node_modules/is-number
1059 silly ADD node_modules/has-flag
1060 silly ADD node_modules/memory-pager
1061 silly ADD node_modules/dunder-proto
1062 silly ADD node_modules/math-intrinsics
1063 silly ADD node_modules/hasown
1064 silly ADD node_modules/has-symbols
1065 silly ADD node_modules/gopd
1066 silly ADD node_modules/get-proto
1067 silly ADD node_modules/es-object-atoms
1068 silly ADD node_modules/function-bind
1069 silly ADD node_modules/call-bind-apply-helpers
1070 silly ADD node_modules/get-intrinsic
1071 silly ADD node_modules/call-bound
1072 silly ADD node_modules/side-channel-weakmap
1073 silly ADD node_modules/side-channel-map
1074 silly ADD node_modules/side-channel-list
1075 silly ADD node_modules/object-inspect
1076 silly ADD node_modules/es-errors
1077 silly ADD node_modules/mime
1078 silly ADD node_modules/side-channel
1079 silly ADD node_modules/es-define-property
1080 silly ADD node_modules/ipaddr.js
1081 silly ADD node_modules/forwarded
1082 silly ADD node_modules/ee-first
1083 silly ADD node_modules/balanced-match
1084 silly ADD node_modules/brace-expansion
1085 silly ADD node_modules/is-extglob
1086 silly ADD node_modules/binary-extensions
1087 silly ADD node_modules/to-regex-range
1088 silly ADD node_modules/fill-range
1089 silly ADD node_modules/picomatch
1090 silly ADD node_modules/readdirp
1091 silly ADD node_modules/normalize-path
1092 silly ADD node_modules/is-glob
1093 silly ADD node_modules/is-binary-path
1094 silly ADD node_modules/glob-parent
1095 silly ADD
1096 silly ADD node_modules/braces
1097 silly ADD node_modules/anymatch
1098 silly ADD node_modules/undefsafe
1099 silly ADD node_modules/touch
1100 silly ADD node_modules/supports-color
1101 silly ADD node_modules/simple-update-notifier
1102 silly ADD node_modules/semver
1103 silly ADD node_modules/pstree.remy
1104 silly ADD node_modules/minimatch
1105 silly ADD node_modules/ignore-by-default
1106 silly ADD node_modules/chokidar
1107 silly ADD node_modules/@types/webidl-conversions
1108 silly ADD node_modules/whatwg-url
1109 silly ADD node_modules/@types/whatwg-url
1110 silly ADD node_modules/sparse-bitfield
1111 silly ADD node_modules/mongodb-connection-string-url
1112 silly ADD node_modules/@mongodb-js/saslprep
1113 silly ADD node_modules/sift
1114 silly ADD node_modules/mquery
1115 silly ADD node_modules/mquery/node_modules/ms
1116 silly ADD node_modules/mquery/node_modules/debug
1117 silly ADD node_modules/mpath
1118 silly ADD node_modules/mongodb
1119 silly ADD node_modules/kareem
1120 silly ADD node_modules/bson
1121 silly ADD node_modules/mime-db
1122 silly ADD node_modules/safer-buffer
1123 silly ADD node_modules/toidentifier
1124 silly ADD node_modules/inherits
1125 silly ADD node_modules/ms
1126 silly ADD node_modules/unpipe
1127 silly ADD node_modules/raw-body
1128 silly ADD node_modules/iconv-lite
1129 silly ADD node_modules/destroy
1130 silly ADD node_modules/bytes
1131 silly ADD node_modules/negotiator
1132 silly ADD node_modules/mime-types
1133 silly ADD node_modules/utils-merge
1134 silly ADD node_modules/type-is
1135 silly ADD node_modules/statuses
1136 silly ADD node_modules/setprototypeof
1137 silly ADD node_modules/serve-static
1138 silly ADD node_modules/send
1139 silly ADD node_modules/send/node_modules/ms
1140 silly ADD node_modules/safe-buffer
1141 silly ADD node_modules/range-parser
1142 silly ADD node_modules/qs
1143 silly ADD node_modules/proxy-addr
1144 silly ADD node_modules/path-to-regexp
1145 silly ADD node_modules/parseurl
1146 silly ADD node_modules/on-finished
1147 silly ADD node_modules/methods
1148 silly ADD node_modules/merge-descriptors
1149 silly ADD node_modules/http-errors
1150 silly ADD node_modules/fresh
1151 silly ADD node_modules/finalhandler
1152 silly ADD node_modules/etag
1153 silly ADD node_modules/escape-html
1154 silly ADD node_modules/encodeurl
1155 silly ADD node_modules/depd
1156 silly ADD node_modules/debug
1157 silly ADD node_modules/cookie-signature
1158 silly ADD node_modules/cookie
1159 silly ADD node_modules/content-type
1160 silly ADD node_modules/content-disposition
1161 silly ADD node_modules/body-parser
1162 silly ADD node_modules/array-flatten
1163 silly ADD node_modules/accepts
1164 silly ADD node_modules/vary
1165 silly ADD node_modules/object-assign
1166 silly ADD node_modules/nodemon
1167 silly ADD node_modules/nodemon/node_modules/ms
1168 silly ADD node_modules/nodemon/node_modules/debug
1169 silly ADD node_modules/mongoose
1170 silly ADD node_modules/mongoose/node_modules/ms
1171 silly ADD node_modules/express
1172 silly ADD node_modules/dotenv
1173 silly ADD node_modules/cors
1174 verbose cwd E:\grocery-delivery\backend
1175 verbose os Windows_NT 10.0.26200
1176 verbose node v22.14.0
1177 verbose npm  v10.9.2
1178 notice
1178 notice New [31mmajor[39m version of npm available! [31m10.9.2[39m -> [34m12.0.2[39m
1178 notice Changelog: [34mhttps://github.com/npm/cli/releases/tag/v12.0.2[39m
1178 notice To update run: [4mnpm install -g npm@12.0.2[24m
1178 notice  { force: true, [Symbol(proc-log.meta)]: true }
1179 verbose exit 0
1180 info ok
